,ra,dec,clon,clat,sigra,sigdec,sigradec,w1mpro,w1sigmpro,w1snr,w1rchi2,w2mpro,w2sigmpro,w2snr,w2rchi2,nb,na,cc_flags,ph_qual,qual_frame,mjd,allwise_cntr,w1mpro_allwise,w1sigmpro_allwise,w2mpro_allwise,w2sigmpro_allwise,w3mpro_allwise,w3sigmpro_allwise,w4mpro_allwise,w4sigmpro_allwise,tmass_key,j_m_2mass,j_msig_2mass,h_m_2mass,h_msig_2mass,k_m_2mass,k_msig_2mass,dist,angle
0,278.5359535,9.5669959,18h34m08.63s,09d34m01.19s,0.0351,0.0298,0.0019,10.557,0.017,65.4,31.71,10.57,0.017,62.2,11.53,1,0,,,10,56749.45888837,2788109001351064728,10.531,0.024,10.52,0.021,10.297,0.067,9.11,,1046661329,11.518,0.0289,10.896,0.0281,10.781,0.0302,0.645972,107.547643
1,278.5358695,9.566966,18h34m08.61s,09d34m01.08s,0.0352,0.0299,-0.0067,10.593,0.016,67.7,15.68,10.605,0.019,55.8,3.513,1,0,,,10,56749.59055567,2788109001351064728,10.531,0.024,10.52,0.021,10.297,0.067,9.11,,1046661329,11.518,0.0289,10.896,0.0281,10.781,0.0302,0.438619,133.584901
2,278.5359031,9.5669922,18h34m08.62s,09d34m01.17s,0.033,0.0314,-0.0054,10.56,0.016,67.6,33.33,10.548,0.021,51.5,11.03,1,0,,,10,56749.72222293,2788109001351064728,10.531,0.024,10.52,0.021,10.297,0.067,9.11,,1046661329,11.518,0.0289,10.896,0.0281,10.781,0.0302,0.484009,115.461886
3,278.5359143,9.5670171,18h34m08.62s,09d34m01.26s,0.0418,0.0316,0.0099,10.628,0.02,54.9,27.8,10.604,0.019,57.6,14.13,1,0,,,5,56749.78805661,2788109001351064728,10.531,0.024,10.52,0.021,10.297,0.067,9.11,,1046661329,11.518,0.0289,10.896,0.0281,10.781,0.0302,0.491245,103.951491
4,278.5359682,9.5669663,18h34m08.63s,09d34m01.08s,0.0386,0.0379,-0.011,10.627,0.02,54.8,35.21,10.644,0.026,41.4,9.012,1,0,,,5,56749.85389029,2788109001351064728,10.531,0.024,10.52,0.021,10.297,0.067,9.11,,1046661329,11.518,0.0289,10.896,0.0281,10.781,0.0302,0.7329,114.275948
5,278.5358876,9.5669637,18h34m08.61s,09d34m01.07s,0.0375,0.0364,-0.0103,10.598,0.019,57.9,14.3,10.597,0.02,54.3,15.22,1,0,,,10,56749.91959664,2788109001351064728,10.531,0.024,10.52,0.021,10.297,0.067,9.11,,1046661329,11.518,0.0289,10.896,0.0281,10.781,0.0302,0.492369,129.12341
6,278.5359244,9.5670153,18h34m08.62s,09d34m01.26s,0.0344,0.0307,0.0101,10.557,0.018,59.5,37.55,10.589,0.019,56.7,8.902,1,0,,,5,56749.919724,2788109001351064728,10.531,0.024,10.52,0.021,10.297,0.067,9.11,,1046661329,11.518,0.0289,10.896,0.0281,10.781,0.0302,0.52761,103.695679
7,278.5359674,9.5670168,18h34m08.63s,09d34m01.26s,0.0383,0.0407,-0.011,10.54,0.021,52.3,28.68,10.554,0.023,48.2,11.91,1,0,,,5,56749.98543032,2788109001351064728,10.531,0.024,10.52,0.021,10.297,0.067,9.11,,1046661329,11.518,0.0289,10.896,0.0281,10.781,0.0302,0.675909,100.185082
8,278.5358775,9.5669932,18h34m08.61s,09d34m01.18s,0.0343,0.0342,-0.0122,10.582,0.018,58.9,30.14,10.617,0.019,56.2,5.034,1,0,,,10,56749.98555769,2788109001351064728,10.531,0.024,10.52,0.021,10.297,0.067,9.11,,1046661329,11.518,0.0289,10.896,0.0281,10.781,0.0302,0.402006,120.573769
9,278.5358579,9.5669698,18h34m08.61s,09d34m01.09s,0.0332,0.0335,-0.0091,10.599,0.017,64.2,9.036,10.578,0.018,59.3,3.188,1,0,,,10,56750.05126399,2788109001351064728,10.531,0.024,10.52,0.021,10.297,0.067,9.11,,1046661329,11.518,0.0289,10.896,0.0281,10.781,0.0302,0.399791,136.23443
10,278.5358612,9.5669779,18h34m08.61s,09d34m01.12s,0.0321,0.0311,-0.0068,10.572,0.018,61.7,30.07,10.532,0.018,58.9,11.44,1,0,,,5,56750.05139137,2788109001351064728,10.531,0.024,10.52,0.021,10.297,0.067,9.11,,1046661329,11.518,0.0289,10.896,0.0281,10.781,0.0302,0.387893,132.001595
11,278.5358694,9.5669522,18h34m08.61s,09d34m01.03s,0.0406,0.0369,-0.0112,10.555,0.019,55.8,18.87,10.575,0.021,51.9,8.223,1,0,,,0,56750.11709767,2788109001351064728,10.531,0.024,10.52,0.021,10.297,0.067,9.11,,1046661329,11.518,0.0289,10.896,0.0281,10.781,0.0302,0.474,137.968591
12,278.535892,9.566991,18h34m08.61s,09d34m01.17s,0.0355,0.0342,-0.0048,10.64,0.018,58.8,26.64,10.597,0.018,60.5,7.919,1,0,,,10,56750.18293135,2788109001351064728,10.531,0.024,10.52,0.021,10.297,0.067,9.11,,1046661329,11.518,0.0289,10.896,0.0281,10.781,0.0302,0.45077,118.111821
13,278.535883,9.5669882,18h34m08.61s,09d34m01.16s,0.0323,0.0336,-0.0086,10.614,0.017,62.8,36.84,10.638,0.022,49.7,12.28,1,0,,,10,56750.18305867,2788109001351064728,10.531,0.024,10.52,0.021,10.297,0.067,9.11,,1046661329,11.518,0.0289,10.896,0.0281,10.781,0.0302,0.428013,121.318939
14,278.5359052,9.5669748,18h34m08.62s,09d34m01.11s,0.035,0.0331,0.0115,10.556,0.018,59.2,52.22,10.61,0.02,55.3,12.67,1,0,,,10,56750.31459861,2788109001351064728,10.531,0.024,10.52,0.021,10.297,0.067,9.11,,1046661329,11.518,0.0289,10.896,0.0281,10.781,0.0302,0.520408,121.346025
15,278.5355398,9.5670637,18h34m08.53s,09d34m01.43s,0.0369,0.0341,-0.0117,10.307,0.017,64.1,80.17,10.567,0.021,50.8,35.87,1,0,,,0,56750.44626596,2788109001351064728,10.531,0.024,10.52,0.021,10.297,0.067,9.11,,1046661329,11.518,0.0289,10.896,0.0281,10.781,0.0302,0.854119,273.310334
16,278.5358592,9.5669925,18h34m08.61s,09d34m01.17s,0.0312,0.0326,-0.0137,10.633,0.016,67.0,39.0,10.633,0.019,57.4,15.98,1,0,,,10,56750.57806376,2788109001351064728,10.531,0.024,10.52,0.021,10.297,0.067,9.11,,1046661329,11.518,0.0289,10.896,0.0281,10.781,0.0302,0.349133,126.36235
17,278.5358759,9.5669449,18h34m08.61s,09d34m01.00s,0.0315,0.0296,-0.0113,10.595,0.016,69.2,36.96,10.4,0.017,65.4,15.21,1,0,,,10,56928.9890867,2788109001351064728,10.531,0.024,10.52,0.021,10.297,0.067,9.11,,1046661329,11.518,0.0289,10.896,0.0281,10.781,0.0302,0.508973,138.019944
18,278.5358606,9.5669883,18h34m08.61s,09d34m01.16s,0.0324,0.0321,-0.0123,10.599,0.016,70.0,28.36,10.623,0.02,53.6,7.672,1,0,,,10,56929.12062677,2788109001351064728,10.531,0.024,10.52,0.021,10.297,0.067,9.11,,1046661329,11.518,0.0289,10.896,0.0281,10.781,0.0302,0.362227,127.822385
19,278.5358794,9.5669872,18h34m08.61s,09d34m01.15s,0.0327,0.0322,-0.0094,10.558,0.016,65.8,33.21,10.586,0.02,55.4,7.062,1,0,,,5,56929.25216679,2788109001351064728,10.531,0.024,10.52,0.021,10.297,0.067,9.11,,1046661329,11.518,0.0289,10.896,0.0281,10.781,0.0302,0.41908,122.647748
20,278.5359032,9.5669755,18h34m08.62s,09d34m01.11s,0.0323,0.0321,-0.0086,10.548,0.016,66.6,16.98,10.544,0.02,55.1,10.43,1,0,,,10,56929.38370682,2788109001351064728,10.531,0.024,10.52,0.021,10.297,0.067,9.11,,1046661329,11.518,0.0289,10.896,0.0281,10.781,0.0302,0.51304,121.518146
21,278.5359616,9.5669916,18h34m08.63s,09d34m01.17s,0.039,0.0377,-0.0107,10.569,0.019,56.6,19.84,10.586,0.023,48.2,4.882,1,0,,,10,56929.44941322,2788109001351064728,10.531,0.024,10.52,0.021,10.297,0.067,9.11,,1046661329,11.518,0.0289,10.896,0.0281,10.781,0.0302,0.678086,108.062253
22,278.5359226,9.5669552,18h34m08.62s,09d34m01.04s,0.0391,0.0386,-0.0185,10.602,0.021,51.8,7.055,10.584,0.022,50.4,11.19,1,0,,,10,56929.44954053,2788109001351064728,10.531,0.024,10.52,0.021,10.297,0.067,9.11,,1046661329,11.518,0.0289,10.896,0.0281,10.781,0.0302,0.610515,123.986777
23,278.5359427,9.5669733,18h34m08.63s,09d34m01.10s,0.0362,0.0317,-0.0105,10.58,0.015,71.1,24.52,10.554,0.022,48.6,8.616,1,0,,,10,56929.51524693,2788109001351064728,10.531,0.024,10.52,0.021,10.297,0.067,9.11,,1046661329,11.518,0.0289,10.896,0.0281,10.781,0.0302,0.640184,115.550996
24,278.5358936,9.5669616,18h34m08.61s,09d34m01.06s,0.0404,0.0421,0.0042,10.54,0.021,51.1,41.82,10.652,0.023,47.5,12.21,1,0,,,10,56929.58095324,2788109001351064728,10.531,0.024,10.52,0.021,10.297,0.067,9.11,,1046661329,11.518,0.0289,10.896,0.0281,10.781,0.0302,0.513721,128.278533
25,278.5358521,9.566989,18h34m08.60s,09d34m01.16s,0.0367,0.0449,-0.0106,10.586,0.022,50.2,42.06,10.629,0.022,50.2,12.5,1,0,,,10,56929.58108056,2788109001351064728,10.531,0.024,10.52,0.021,10.297,0.067,9.11,,1046661329,11.518,0.0289,10.896,0.0281,10.781,0.0302,0.337241,130.628929
26,278.5358873,9.5669672,18h34m08.61s,09d34m01.08s,0.0346,0.0317,-0.0097,10.594,0.015,72.7,4.503,10.62,0.019,55.7,3.989,1,0,,,10,56929.64678691,2788109001351064728,10.531,0.024,10.52,0.021,10.297,0.067,9.11,,1046661329,11.518,0.0289,10.896,0.0281,10.781,0.0302,0.483677,128.04502
27,278.535891,9.5669663,18h34m08.61s,09d34m01.08s,0.0335,0.0315,-0.0103,10.608,0.016,69.7,14.95,10.647,0.019,57.5,4.797,1,0,,,5,56930.10710517,2788109001351064728,10.531,0.024,10.52,0.021,10.297,0.067,9.11,,1046661329,11.518,0.0289,10.896,0.0281,10.781,0.0302,0.496048,127.404753
28,278.5358952,9.5670087,18h34m08.61s,09d34m01.23s,0.0337,0.0358,-0.017,10.556,0.016,67.2,30.9,10.636,0.022,49.4,12.18,1,0,,,10,56932.27745275,2788109001351064728,10.531,0.024,10.52,0.021,10.297,0.067,9.11,,1046661329,11.518,0.0289,10.896,0.0281,10.781,0.0302,0.435138,109.979407
29,278.5358899,9.5669987,18h34m08.61s,09d34m01.20s,0.0517,0.0447,-0.0156,10.625,0.02,53.6,33.61,,,,,1,0,,,10,56932.34315911,2788109001351064728,10.531,0.024,10.52,0.021,10.297,0.067,9.11,,1046661329,11.518,0.0289,10.896,0.0281,10.781,0.0302,0.431639,115.331541
30,278.5358909,9.5669612,18h34m08.61s,09d34m01.06s,0.0397,0.0342,-0.0121,10.538,0.02,54.9,28.87,10.564,0.021,50.7,10.57,1,0,,,10,56932.34328647,2788109001351064728,10.531,0.024,10.52,0.021,10.297,0.067,9.11,,1046661329,11.518,0.0289,10.896,0.0281,10.781,0.0302,0.507132,129.077105
31,278.5359286,9.5669975,18h34m08.62s,09d34m01.19s,0.0377,0.0329,-0.0112,10.594,0.016,68.0,28.7,10.584,0.021,50.7,4.278,1,0,,,10,56932.40899282,2788109001351064728,10.531,0.024,10.52,0.021,10.297,0.067,9.11,,1046661329,11.518,0.0289,10.896,0.0281,10.781,0.0302,0.560354,109.711597
32,278.5359122,9.5669498,18h34m08.62s,09d34m01.02s,0.0419,0.0385,-0.0106,10.593,0.02,53.4,30.58,10.62,0.022,50.1,13.87,1,0,,,10,56932.47469922,2788109001351064728,10.531,0.024,10.52,0.021,10.297,0.067,9.11,,1046661329,11.518,0.0289,10.896,0.0281,10.781,0.0302,0.591911,127.547047
33,278.5358599,9.5669785,18h34m08.61s,09d34m01.12s,0.038,0.037,-0.0113,10.58,0.02,53.2,26.37,10.625,0.022,49.3,4.825,1,0,,,10,56932.47482654,2788109001351064728,10.531,0.024,10.52,0.021,10.297,0.067,9.11,,1046661329,11.518,0.0289,10.896,0.0281,10.781,0.0302,0.383028,132.223424
34,278.5358624,9.5669815,18h34m08.61s,09d34m01.13s,0.0358,0.0323,-0.0071,10.615,0.018,59.0,19.8,10.588,0.019,55.8,8.73,1,0,,,10,56932.54053016,2788109001351064728,10.531,0.024,10.52,0.021,10.297,0.067,9.11,,1046661329,11.518,0.0289,10.896,0.0281,10.781,0.0302,0.382597,130.132078
35,278.5358622,9.566985,18h34m08.61s,09d34m01.15s,0.0389,0.0373,-0.0167,10.633,0.02,55.5,18.85,10.62,0.021,51.9,7.371,1,0,,,10,56932.60623653,2788109001351064728,10.531,0.024,10.52,0.021,10.297,0.067,9.11,,1046661329,11.518,0.0289,10.896,0.0281,10.781,0.0302,0.374044,128.726373
36,278.5358832,9.5669591,18h34m08.61s,09d34m01.05s,0.0369,0.0367,-0.0163,10.541,0.019,58.0,35.73,10.608,0.019,57.6,5.807,1,0,,,10,56932.67194285,2788109001351064728,10.531,0.024,10.52,0.021,10.297,0.067,9.11,,1046661329,11.518,0.0289,10.896,0.0281,10.781,0.0302,0.491226,131.772405
37,278.535891,9.5669821,18h34m08.61s,09d34m01.14s,0.0402,0.038,-0.0109,10.645,0.02,54.0,13.09,10.602,0.021,51.4,11.31,1,0,,,10,56932.67207025,2788109001351064728,10.531,0.024,10.52,0.021,10.297,0.067,9.11,,1046661329,11.518,0.0289,10.896,0.0281,10.781,0.0302,0.463704,121.812951
38,278.5358918,9.5669716,18h34m08.61s,09d34m01.10s,0.0331,0.0313,-0.0102,10.618,0.016,69.2,22.36,10.62,0.018,59.1,12.76,1,0,,,10,56932.73777662,2788109001351064728,10.531,0.024,10.52,0.021,10.297,0.067,9.11,,1046661329,11.518,0.0289,10.896,0.0281,10.781,0.0302,0.487006,125.418255
39,278.5359244,9.5669815,18h34m08.62s,09d34m01.13s,0.0351,0.0305,-0.0121,10.584,0.015,72.6,20.54,10.599,0.019,55.9,7.419,1,0,,,10,56932.8693167,2788109001351064728,10.531,0.024,10.52,0.021,10.297,0.067,9.11,,1046661329,11.518,0.0289,10.896,0.0281,10.781,0.0302,0.568837,115.690682
40,278.5359377,9.5669844,18h34m08.63s,09d34m01.14s,0.0354,0.0318,-0.0118,10.568,0.015,71.1,13.39,10.582,0.021,51.4,6.984,1,0,,,10,56933.00085684,2788109001351064728,10.531,0.024,10.52,0.021,10.297,0.067,9.11,,1046661329,11.518,0.0289,10.896,0.0281,10.781,0.0302,0.607599,112.872281
41,278.535985,9.5669551,18h34m08.64s,09d34m01.04s,0.0465,0.0399,-0.0179,10.683,0.022,49.6,5.176,10.647,0.024,44.5,5.496,1,0,,,10,57111.36415316,2788109001351064728,10.531,0.024,10.52,0.021,10.297,0.067,9.11,,1046661329,11.518,0.0289,10.896,0.0281,10.781,0.0302,0.803941,115.147976
42,278.5358984,9.5669804,18h34m08.62s,09d34m01.13s,0.034,0.0307,-0.009,10.562,0.016,69.7,22.84,10.612,0.019,57.7,4.195,1,0,,,5,57111.49543872,2788109001351064728,10.531,0.024,10.52,0.021,10.297,0.067,9.11,,1046661329,11.518,0.0289,10.896,0.0281,10.781,0.0302,0.489328,120.80038
43,278.5358682,9.5669639,18h34m08.61s,09d34m01.07s,0.038,0.0332,-0.0107,10.604,0.015,70.9,19.51,10.636,0.022,50.0,2.982,1,0,,,5,57111.62672418,2788109001351064728,10.531,0.024,10.52,0.021,10.297,0.067,9.11,,1046661329,11.518,0.0289,10.896,0.0281,10.781,0.0302,0.440575,134.710888
44,278.535896,9.5669699,18h34m08.62s,09d34m01.09s,0.0395,0.0323,-0.0099,10.66,0.018,59.2,5.577,10.619,0.019,56.7,6.35,1,0,,,10,57111.69243059,2788109001351064728,10.531,0.024,10.52,0.021,10.297,0.067,9.11,,1046661329,11.518,0.0289,10.896,0.0281,10.781,0.0302,0.502717,125.001872
45,278.5358728,9.5670034,18h34m08.61s,09d34m01.21s,0.0379,0.0359,-0.0125,10.619,0.018,60.1,24.44,10.607,0.019,57.3,6.855,1,0,,,10,57111.75800964,2788109001351064728,10.531,0.024,10.52,0.021,10.297,0.067,9.11,,1046661329,11.518,0.0289,10.896,0.0281,10.781,0.0302,0.369687,116.986903
46,278.5359635,9.5669611,18h34m08.63s,09d34m01.06s,0.0363,0.0327,-0.0151,10.565,0.016,68.3,14.62,10.597,0.019,56.1,8.958,1,0,,,10,57111.8237161,2788109001351064728,10.531,0.024,10.52,0.021,10.297,0.067,9.11,,1046661329,11.518,0.0289,10.896,0.0281,10.781,0.0302,0.725783,116.164951
47,278.5358984,9.5669836,18h34m08.62s,09d34m01.14s,0.039,0.0379,-0.003,10.587,0.02,54.7,23.34,10.584,0.021,52.3,8.657,1,0,,,10,57111.88929524,2788109001351064728,10.531,0.024,10.52,0.021,10.297,0.067,9.11,,1046661329,11.518,0.0289,10.896,0.0281,10.781,0.0302,0.483531,119.627774
48,278.535887,9.5669958,18h34m08.61s,09d34m01.18s,0.0361,0.0359,-0.011,10.563,0.019,57.1,33.12,10.638,0.02,53.0,13.0,1,0,,,5,57111.88942256,2788109001351064728,10.531,0.024,10.52,0.021,10.297,0.067,9.11,,1046661329,11.518,0.0289,10.896,0.0281,10.781,0.0302,0.427029,117.188944
49,278.5358958,9.5669663,18h34m08.61s,09d34m01.08s,0.0397,0.0339,-0.0142,10.599,0.016,66.7,9.931,10.589,0.022,49.3,6.851,1,0,,,5,57111.95500166,2788109001351064728,10.531,0.024,10.52,0.021,10.297,0.067,9.11,,1046661329,11.518,0.0289,10.896,0.0281,10.781,0.0302,0.509687,126.241125
50,278.5358754,9.5669595,18h34m08.61s,09d34m01.05s,0.0341,0.0308,-0.0117,10.588,0.017,64.2,33.94,10.617,0.019,56.5,11.42,1,0,,,10,57112.02070811,2788109001351064728,10.531,0.024,10.52,0.021,10.297,0.067,9.11,,1046661329,11.518,0.0289,10.896,0.0281,10.781,0.0302,0.469937,133.890937
51,278.5359299,9.5669834,18h34m08.62s,09d34m01.14s,0.0375,0.0356,-0.0029,10.613,0.019,57.9,22.42,10.584,0.019,57.9,10.48,1,0,,,10,57112.08628726,2788109001351064728,10.531,0.024,10.52,0.021,10.297,0.067,9.11,,1046661329,11.518,0.0289,10.896,0.0281,10.781,0.0302,0.583658,114.254537
52,278.5359193,9.5669655,18h34m08.62s,09d34m01.08s,0.0353,0.0354,-0.0065,10.601,0.018,60.1,26.11,10.632,0.021,52.3,8.032,1,0,,,10,57112.21770065,2788109001351064728,10.531,0.024,10.52,0.021,10.297,0.067,9.11,,1046661329,11.518,0.0289,10.896,0.0281,10.781,0.0302,0.580582,121.598162
53,278.5358749,9.5669729,18h34m08.61s,09d34m01.10s,0.0403,0.0331,0.0083,10.6,0.018,61.8,9.136,10.644,0.025,44.0,4.322,1,0,,,5,57112.34898616,2788109001351064728,10.531,0.024,10.52,0.021,10.297,0.067,9.11,,1046661329,11.518,0.0289,10.896,0.0281,10.781,0.0302,0.436503,129.484861
54,278.5358942,9.5669483,18h34m08.61s,09d34m01.01s,0.031,0.0335,-0.0139,10.63,0.016,68.9,43.02,10.659,0.019,56.3,16.27,1,0,,,5,57112.48027176,2788109001351064728,10.531,0.024,10.52,0.021,10.297,0.067,9.11,,1046661329,11.518,0.0289,10.896,0.0281,10.781,0.0302,0.546251,132.085288
55,278.5358606,9.5669742,18h34m08.61s,09d34m01.11s,0.034,0.0351,-0.0106,10.61,0.019,58.6,33.16,10.619,0.02,55.2,8.655,1,0,,,10,57290.93114648,2788109001351064728,10.531,0.024,10.52,0.021,10.297,0.067,9.11,,1046661329,11.518,0.0289,10.896,0.0281,10.781,0.0302,0.395383,133.642745
56,278.535868,9.5669706,18h34m08.61s,09d34m01.09s,0.0345,0.0333,-0.0098,10.603,0.017,64.3,40.61,10.639,0.021,50.6,9.611,1,0,,,5,57291.0623047,2788109001351064728,10.531,0.024,10.52,0.021,10.297,0.067,9.11,,1046661329,11.518,0.0289,10.896,0.0281,10.781,0.0302,0.42343,132.458463
57,278.5359037,9.5669725,18h34m08.62s,09d34m01.10s,0.0359,0.0351,-0.0089,10.599,0.018,58.7,47.09,10.613,0.019,56.6,4.699,1,0,,,10,57291.19346301,2788109001351064728,10.531,0.024,10.52,0.021,10.297,0.067,9.11,,1046661329,11.518,0.0289,10.896,0.0281,10.781,0.0302,0.520263,122.42992
58,278.5359064,9.5669486,18h34m08.62s,09d34m01.01s,0.0377,0.0367,-0.0112,10.577,0.019,56.2,31.74,10.611,0.02,53.5,14.35,1,0,,,10,57291.25904208,2788109001351064728,10.531,0.024,10.52,0.021,10.297,0.067,9.11,,1046661329,11.518,0.0289,10.896,0.0281,10.781,0.0302,0.578447,129.129372
59,278.5358896,9.5669628,18h34m08.61s,09d34m01.07s,0.0327,0.0349,-0.0069,10.597,0.017,62.1,31.38,10.611,0.019,58.7,14.81,1,0,,,10,57291.32462122,2788109001351064728,10.531,0.024,10.52,0.021,10.297,0.067,9.11,,1046661329,11.518,0.0289,10.896,0.0281,10.781,0.0302,0.499918,128.89804
60,278.5358774,9.566972,18h34m08.61s,09d34m01.10s,0.0354,0.037,-0.0038,10.621,0.019,57.9,42.06,10.667,0.023,47.5,10.13,1,0,,,10,57291.32474859,2788109001351064728,10.531,0.024,10.52,0.021,10.297,0.067,9.11,,1046661329,11.518,0.0289,10.896,0.0281,10.781,0.0302,0.445426,129.080608
61,278.5358913,9.5669864,18h34m08.61s,09d34m01.15s,0.0368,0.034,-0.0082,10.622,0.02,55.4,8.012,10.588,0.02,53.2,7.848,1,0,,,10,57291.39032771,2788109001351064728,10.531,0.024,10.52,0.021,10.297,0.067,9.11,,1046661329,11.518,0.0289,10.896,0.0281,10.781,0.0302,0.456652,120.091775
62,278.5359177,9.5669692,18h34m08.62s,09d34m01.09s,0.0357,0.032,-0.0085,10.645,0.017,63.7,16.18,10.637,0.021,52.0,12.27,1,0,,,10,57291.45590679,2788109001351064728,10.531,0.024,10.52,0.021,10.297,0.067,9.11,,1046661329,11.518,0.0289,10.896,0.0281,10.781,0.0302,0.568821,120.755131
63,278.5358234,9.5669821,18h34m08.60s,09d34m01.14s,0.0378,0.0358,-0.0166,10.624,0.018,60.5,9.942,10.558,0.025,42.6,4.753,1,0,,,10,57291.52148593,2788109001351064728,10.531,0.024,10.52,0.021,10.297,0.067,9.11,,1046661329,11.518,0.0289,10.896,0.0281,10.781,0.0302,0.28895,147.777359
64,278.5358996,9.5669577,18h34m08.62s,09d34m01.05s,0.0355,0.0306,-0.0104,10.577,0.016,69.8,8.904,10.609,0.02,55.3,8.248,1,0,,,10,57291.58706506,2788109001351064728,10.531,0.024,10.52,0.021,10.297,0.067,9.11,,1046661329,11.518,0.0289,10.896,0.0281,10.781,0.0302,0.53914,128.047574
65,278.5358802,9.5669446,18h34m08.61s,09d34m01.00s,0.0363,0.0343,-0.014,10.647,0.017,64.5,6.904,10.664,0.02,54.4,3.388,1,0,,,5,57291.65264419,2788109001351064728,10.531,0.024,10.52,0.021,10.297,0.067,9.11,,1046661329,11.518,0.0289,10.896,0.0281,10.781,0.0302,0.520099,136.849363
66,278.5359547,9.5669675,18h34m08.63s,09d34m01.08s,0.0351,0.0339,-0.014,10.579,0.016,68.4,22.38,10.561,0.023,47.7,6.762,1,0,,,10,57291.78380302,2788109001351064728,10.531,0.024,10.52,0.021,10.297,0.067,9.11,,1046661329,11.518,0.0289,10.896,0.0281,10.781,0.0302,0.687625,115.589685
67,278.5358645,9.5670106,18h34m08.61s,09d34m01.24s,0.0359,0.0336,-0.0146,10.592,0.018,59.8,28.17,10.574,0.019,58.5,7.907,1,0,,,10,57291.91496128,2788109001351064728,10.531,0.024,10.52,0.021,10.297,0.067,9.11,,1046661329,11.518,0.0289,10.896,0.0281,10.781,0.0302,0.331819,115.307055
68,278.5359809,9.5669768,18h34m08.64s,09d34m01.12s,0.0371,0.0293,-0.0055,10.508,0.017,65.8,37.63,10.589,0.02,55.5,14.94,1,0,,,10,57292.04624691,2788109001351064728,10.531,0.024,10.52,0.021,10.297,0.067,9.11,,1046661329,11.518,0.0289,10.896,0.0281,10.781,0.0302,0.760307,110.279225
69,278.5359721,9.5669807,18h34m08.63s,09d34m01.13s,0.0386,0.0352,0.0059,10.588,0.02,54.0,84.36,10.634,0.021,52.8,24.22,1,0,,,0,57475.65206946,2788109001351064728,10.531,0.024,10.52,0.021,10.297,0.067,9.11,,1046661329,11.518,0.0289,10.896,0.0281,10.781,0.0302,0.726141,110.09441
70,278.5359385,9.5669809,18h34m08.63s,09d34m01.13s,0.0344,0.0348,0.0031,10.721,0.016,66.6,121.4,10.769,0.022,48.8,52.11,1,0,,,0,57476.17632118,2788109001351064728,10.531,0.024,10.52,0.021,10.297,0.067,9.11,,1046661329,11.518,0.0289,10.896,0.0281,10.781,0.0302,0.615201,113.850739
71,278.5360136,9.5669229,18h34m08.64s,09d34m00.92s,0.0344,0.0339,-0.0049,10.82,0.015,70.2,98.53,10.755,0.024,45.8,25.1,1,0,,,0,57476.37293147,2788109001351064728,10.531,0.024,10.52,0.021,10.297,0.067,9.11,,1046661329,11.518,0.0289,10.896,0.0281,10.781,0.0302,0.947123,118.888421
72,278.5357482,9.5668963,18h34m08.58s,09d34m00.83s,0.0435,0.0353,-0.0131,10.589,0.02,54.9,47.72,10.582,0.024,45.7,24.24,1,0,,,0,57476.76615205,2788109001351064728,10.531,0.024,10.52,0.021,10.297,0.067,9.11,,1046661329,11.518,0.0289,10.896,0.0281,10.781,0.0302,0.564721,191.53118
73,278.5359025,9.5669589,18h34m08.62s,09d34m01.05s,0.0356,0.034,-0.0108,10.62,0.016,67.6,8.961,10.633,0.021,52.5,2.597,1,0,,,10,57478.92874324,2788109001351064728,10.531,0.024,10.52,0.021,10.297,0.067,9.11,,1046661329,11.518,0.0289,10.896,0.0281,10.781,0.0302,0.544675,127.022216
74,278.5359373,9.5669815,18h34m08.62s,09d34m01.13s,0.0363,0.0312,-0.0134,10.596,0.015,70.4,22.58,10.605,0.019,56.6,10.29,1,0,,,0,57478.9943225,2788109001351064728,10.531,0.024,10.52,0.021,10.297,0.067,9.11,,1046661329,11.518,0.0289,10.896,0.0281,10.781,0.0302,0.61043,113.826991
75,278.5359309,9.5669888,18h34m08.62s,09d34m01.16s,0.0424,0.039,0.007,10.66,0.021,52.2,25.46,10.591,0.022,49.0,4.179,1,0,,,10,57479.0597744,2788109001351064728,10.531,0.024,10.52,0.021,10.297,0.067,9.11,,1046661329,11.518,0.0289,10.896,0.0281,10.781,0.0302,0.579222,112.356708
76,278.5358758,9.5669512,18h34m08.61s,09d34m01.02s,0.0382,0.0355,-0.0137,10.66,0.02,53.1,30.41,10.666,0.019,56.4,3.84,1,0,,,5,57479.05990171,2788109001351064728,10.531,0.024,10.52,0.021,10.297,0.067,9.11,,1046661329,11.518,0.0289,10.896,0.0281,10.781,0.0302,0.4921,136.284151
77,278.5358338,9.5669748,18h34m08.60s,09d34m01.11s,0.0366,0.0337,-0.0072,10.608,0.015,70.9,32.77,10.662,0.022,50.1,8.105,1,0,,,10,57479.12535366,2788109001351064728,10.531,0.024,10.52,0.021,10.297,0.067,9.11,,1046661329,11.518,0.0289,10.896,0.0281,10.781,0.0302,0.331306,144.797971
78,278.5358883,9.5669646,18h34m08.61s,09d34m01.07s,0.0338,0.0321,-0.0095,10.644,0.018,62.0,24.52,10.611,0.019,56.5,5.412,1,0,,,10,57479.19093288,2788109001351064728,10.531,0.024,10.52,0.021,10.297,0.067,9.11,,1046661329,11.518,0.0289,10.896,0.0281,10.781,0.0302,0.492263,128.648347
79,278.5359633,9.5669821,18h34m08.63s,09d34m01.14s,0.0358,0.037,-0.0057,10.635,0.021,52.6,17.05,10.625,0.018,59.9,7.126,1,0,,,10,57479.25638478,2788109001351064728,10.531,0.024,10.52,0.021,10.297,0.067,9.11,,1046661329,11.518,0.0289,10.896,0.0281,10.781,0.0302,0.695099,110.588958
80,278.5358371,9.5669789,18h34m08.60s,09d34m01.12s,0.0345,0.0365,-0.0114,10.681,0.019,57.4,11.19,10.666,0.022,49.5,6.652,1,0,,,10,57479.25651209,2788109001351064728,10.531,0.024,10.52,0.021,10.297,0.067,9.11,,1046661329,11.518,0.0289,10.896,0.0281,10.781,0.0302,0.326495,141.623423
81,278.535878,9.5669829,18h34m08.61s,09d34m01.14s,0.0393,0.0345,0.004,10.63,0.017,64.8,35.76,10.601,0.03,36.0,8.65,1,0,,,10,57479.38754321,2788109001351064728,10.531,0.024,10.52,0.021,10.297,0.067,9.11,,1046661329,11.518,0.0289,10.896,0.0281,10.781,0.0302,0.423531,124.774211
82,278.5358686,9.5669497,18h34m08.61s,09d34m01.02s,0.0371,0.0359,-0.0113,10.642,0.017,65.3,7.635,10.693,0.023,47.0,2.211,1,0,,,10,57479.51857438,2788109001351064728,10.531,0.024,10.52,0.021,10.297,0.067,9.11,,1046661329,11.518,0.0289,10.896,0.0281,10.781,0.0302,0.478858,138.942035
83,278.5359277,9.5669753,18h34m08.62s,09d34m01.11s,0.0431,0.0389,-0.0078,10.582,0.022,49.6,24.77,10.596,0.02,55.2,9.015,1,0,,,5,57479.64960553,2788109001351064728,10.531,0.024,10.52,0.021,10.297,0.067,9.11,,1046661329,11.518,0.0289,10.896,0.0281,10.781,0.0302,0.589263,117.152741
84,278.5358302,9.5669686,18h34m08.60s,09d34m01.09s,0.0352,0.0352,-0.0101,10.589,0.018,60.9,21.57,10.618,0.022,49.6,5.114,1,0,,,10,57649.84434968,2788109001351064728,10.531,0.024,10.52,0.021,10.297,0.067,9.11,,1046661329,11.518,0.0289,10.896,0.0281,10.781,0.0302,0.342977,148.694941
85,278.5358766,9.5669654,18h34m08.61s,09d34m01.08s,0.0356,0.033,0.0021,10.634,0.017,63.8,20.71,10.657,0.021,52.9,7.815,1,0,,,10,57649.97538086,2788109001351064728,10.531,0.024,10.52,0.021,10.297,0.067,9.11,,1046661329,11.518,0.0289,10.896,0.0281,10.781,0.0302,0.458644,131.609187
86,278.5358065,9.566971,18h34m08.59s,09d34m01.10s,0.0388,0.0362,-0.008,10.652,0.019,55.8,39.75,10.66,0.021,52.7,9.86,1,0,,,10,57650.10641204,2788109001351064728,10.531,0.024,10.52,0.021,10.297,0.067,9.11,,1046661329,11.518,0.0289,10.896,0.0281,10.781,0.0302,0.29956,161.696936
87,278.5358715,9.5669661,18h34m08.61s,09d34m01.08s,0.0364,0.034,-0.0135,10.551,0.018,61.8,30.73,10.651,0.022,48.9,12.66,1,0,,,5,57650.17186395,2788109001351064728,10.531,0.024,10.52,0.021,10.297,0.067,9.11,,1046661329,11.518,0.0289,10.896,0.0281,10.781,0.0302,0.443545,132.918905
88,278.535846,9.5669887,18h34m08.60s,09d34m01.16s,0.0365,0.0347,-0.0118,10.605,0.019,56.5,16.47,10.589,0.02,53.8,6.581,1,0,,,10,57650.23744322,2788109001351064728,10.531,0.024,10.52,0.021,10.297,0.067,9.11,,1046661329,11.518,0.0289,10.896,0.0281,10.781,0.0302,0.321862,133.285894
89,278.5358542,9.5669746,18h34m08.61s,09d34m01.11s,0.0332,0.0318,-0.0113,10.598,0.016,68.1,32.74,10.625,0.021,52.3,8.685,1,0,,,10,57650.30289513,2788109001351064728,10.531,0.024,10.52,0.021,10.297,0.067,9.11,,1046661329,11.518,0.0289,10.896,0.0281,10.781,0.0302,0.378238,135.860701
90,278.5358385,9.5669782,18h34m08.60s,09d34m01.12s,0.0366,0.0315,-0.0034,10.599,0.017,63.8,33.13,10.596,0.02,53.3,8.668,1,0,,,10,57650.36847435,2788109001351064728,10.531,0.024,10.52,0.021,10.297,0.067,9.11,,1046661329,11.518,0.0289,10.896,0.0281,10.781,0.0302,0.331577,141.220506
91,278.5358489,9.5669603,18h34m08.60s,09d34m01.06s,0.0339,0.0316,-0.0087,10.593,0.017,64.7,39.55,10.623,0.019,56.3,5.758,1,0,,,10,57650.43392626,2788109001351064728,10.531,0.024,10.52,0.021,10.297,0.067,9.11,,1046661329,11.518,0.0289,10.896,0.0281,10.781,0.0302,0.405096,142.858508
92,278.5359018,9.5669653,18h34m08.62s,09d34m01.08s,0.0391,0.0371,-0.0157,10.577,0.02,53.6,37.5,10.581,0.02,53.6,6.883,1,0,,,10,57650.49937823,2788109001351064728,10.531,0.024,10.52,0.021,10.297,0.067,9.11,,1046661329,11.518,0.0289,10.896,0.0281,10.781,0.0302,0.529085,125.19188
93,278.5359505,9.5669701,18h34m08.63s,09d34m01.09s,0.0366,0.0341,0.0112,10.601,0.018,60.4,17.76,10.593,0.021,50.8,9.58,1,0,,,10,57650.49950554,2788109001351064728,10.531,0.024,10.52,0.021,10.297,0.067,9.11,,1046661329,11.518,0.0289,10.896,0.0281,10.781,0.0302,0.670133,115.418514
94,278.5358994,9.5669641,18h34m08.62s,09d34m01.07s,0.0381,0.0376,-0.0099,10.679,0.019,55.9,8.958,10.651,0.02,53.0,13.38,1,0,,,5,57650.56495745,2788109001351064728,10.531,0.024,10.52,0.021,10.297,0.067,9.11,,1046661329,11.518,0.0289,10.896,0.0281,10.781,0.0302,0.524684,126.11364
95,278.5359336,9.5669856,18h34m08.62s,09d34m01.15s,0.0358,0.0323,-0.0067,10.615,0.016,66.9,9.773,10.656,0.019,55.7,8.733,1,0,,,5,57650.69598859,2788109001351064728,10.531,0.024,10.52,0.021,10.297,0.067,9.11,,1046661329,11.518,0.0289,10.896,0.0281,10.781,0.0302,0.592509,113.034425
96,278.5358829,9.5669675,18h34m08.61s,09d34m01.08s,0.0357,0.0325,-0.0109,10.627,0.016,66.9,11.67,10.609,0.02,53.9,8.971,1,0,,,10,57650.82701972,2788109001351064728,10.531,0.024,10.52,0.021,10.297,0.067,9.11,,1046661329,11.518,0.0289,10.896,0.0281,10.781,0.0302,0.470791,129.113081
97,278.5359209,9.5669415,18h34m08.62s,09d34m00.99s,0.0361,0.0307,-0.0097,10.549,0.017,64.6,17.31,10.551,0.019,56.4,8.193,1,0,,,10,57650.9580509,2788109001351064728,10.531,0.024,10.52,0.021,10.297,0.067,9.11,,1046661329,11.518,0.0289,10.896,0.0281,10.781,0.0302,0.634626,127.986644
98,278.5359506,9.5669745,18h34m08.63s,09d34m01.11s,0.0377,0.0329,-0.0153,10.598,0.016,68.2,19.4,10.628,0.02,54.2,5.518,1,0,,,5,57842.62400131,2788109001351064728,10.531,0.024,10.52,0.021,10.297,0.067,9.11,,1046661329,11.518,0.0289,10.896,0.0281,10.781,0.0302,0.663816,114.170415
99,278.5359134,9.5669668,18h34m08.62s,09d34m01.08s,0.0335,0.0326,-0.0069,10.595,0.016,68.1,19.74,10.636,0.019,56.7,9.159,1,0,,,10,57842.75490546,2788109001351064728,10.531,0.024,10.52,0.021,10.297,0.067,9.11,,1046661329,11.518,0.0289,10.896,0.0281,10.781,0.0302,0.560329,122.312721
100,278.5358835,9.5669737,18h34m08.61s,09d34m01.11s,0.0363,0.0334,-0.0047,10.59,0.016,66.7,9.459,10.593,0.02,54.7,7.718,1,0,,,10,57842.88593694,2788109001351064728,10.531,0.024,10.52,0.021,10.297,0.067,9.11,,1046661329,11.518,0.0289,10.896,0.0281,10.781,0.0302,0.458747,126.781624
101,278.5359362,9.5669778,18h34m08.62s,09d34m01.12s,0.0376,0.0361,-0.0172,10.588,0.018,60.5,30.54,10.608,0.021,51.6,3.984,1,0,,,5,57843.01684111,2788109001351064728,10.531,0.024,10.52,0.021,10.297,0.067,9.11,,1046661329,11.518,0.0289,10.896,0.0281,10.781,0.0302,0.612392,115.114695
102,278.5359185,9.5669624,18h34m08.62s,09d34m01.06s,0.0356,0.0363,-0.0109,10.635,0.019,57.5,23.06,10.646,0.019,55.8,6.752,1,0,,,10,57843.08229312,2788109001351064728,10.531,0.024,10.52,0.021,10.297,0.067,9.11,,1046661329,11.518,0.0289,10.896,0.0281,10.781,0.0302,0.584111,122.67658
103,278.535933,9.5669848,18h34m08.62s,09d34m01.15s,0.0357,0.0341,0.004,10.571,0.021,50.9,17.68,10.599,0.019,57.1,8.241,1,0,,,5,57843.08242053,2788109001351064728,10.531,0.024,10.52,0.021,10.297,0.067,9.11,,1046661329,11.518,0.0289,10.896,0.0281,10.781,0.0302,0.591687,113.371779
104,278.5358725,9.5669762,18h34m08.61s,09d34m01.11s,0.0378,0.0342,0.0069,10.632,0.018,58.9,14.4,10.636,0.02,54.5,4.19,1,0,,,10,57843.14787255,2788109001351064728,10.531,0.024,10.52,0.021,10.297,0.067,9.11,,1046661329,11.518,0.0289,10.896,0.0281,10.781,0.0302,0.422392,128.97599400000001
105,278.5358543,9.5669695,18h34m08.61s,09d34m01.09s,0.0367,0.0328,-0.0114,10.599,0.016,69.3,7.593,10.602,0.022,49.8,2.662,1,0,,,10,57843.21332456,2788109001351064728,10.531,0.024,10.52,0.021,10.297,0.067,9.11,,1046661329,11.518,0.0289,10.896,0.0281,10.781,0.0302,0.391855,137.693273
106,278.53588,9.5669988,18h34m08.61s,09d34m01.20s,0.0373,0.0365,-0.0131,10.596,0.018,60.5,11.57,10.641,0.021,52.3,4.865,1,0,,,5,57843.27877661,2788109001351064728,10.531,0.024,10.52,0.021,10.297,0.067,9.11,,1046661329,11.518,0.0289,10.896,0.0281,10.781,0.0302,0.399991,117.439297
107,278.5358875,9.5669875,18h34m08.61s,09d34m01.15s,0.0403,0.0379,-0.0104,10.622,0.022,49.7,41.06,10.609,0.019,57.5,2.566,1,0,,,10,57843.34422867,2788109001351064728,10.531,0.024,10.52,0.021,10.297,0.067,9.11,,1046661329,11.518,0.0289,10.896,0.0281,10.781,0.0302,0.443012,120.523402
108,278.5358833,9.5669973,18h34m08.61s,09d34m01.19s,0.0335,0.0362,-0.0092,10.623,0.019,57.2,29.45,10.653,0.021,52.7,12.21,1,0,,,10,57843.34435598,2788109001351064728,10.531,0.024,10.52,0.021,10.297,0.067,9.11,,1046661329,11.518,0.0289,10.896,0.0281,10.781,0.0302,0.41288,117.355233
109,278.5359287,9.5669572,18h34m08.62s,09d34m01.05s,0.0381,0.0343,-0.0134,10.551,0.018,59.9,26.86,10.598,0.023,47.3,6.28,1,0,,,10,57843.47526015,2788109001351064728,10.531,0.024,10.52,0.021,10.297,0.067,9.11,,1046661329,11.518,0.0289,10.896,0.0281,10.781,0.0302,0.624709,122.328784
110,278.5358764,9.5669796,18h34m08.61s,09d34m01.13s,0.0369,0.0354,-0.0127,10.55,0.018,61.4,14.69,10.6,0.02,55.1,5.316,1,0,,,5,57843.60616422,2788109001351064728,10.531,0.024,10.52,0.021,10.297,0.067,9.11,,1046661329,11.518,0.0289,10.896,0.0281,10.781,0.0302,0.425844,126.523295
111,278.5358798,9.5669484,18h34m08.61s,09d34m01.01s,0.0391,0.0354,-0.0161,10.648,0.021,51.8,28.42,10.662,0.02,54.7,4.606,1,0,,,10,57843.73719569,2788109001351064728,10.531,0.024,10.52,0.021,10.297,0.067,9.11,,1046661329,11.518,0.0289,10.896,0.0281,10.781,0.0302,0.509214,135.913162
112,278.5358458,9.5669522,18h34m08.60s,09d34m01.03s,0.0333,0.0334,-0.0114,10.651,0.018,60.3,35.41,10.632,0.019,57.5,11.79,1,0,,,5,58010.27618374,2788109001351064728,10.531,0.024,10.52,0.021,10.297,0.067,9.11,,1046661329,11.518,0.0289,10.896,0.0281,10.781,0.0302,0.422515,146.437938
113,278.5358542,9.5669784,18h34m08.61s,09d34m01.12s,0.0334,0.035,-0.008,10.617,0.017,62.2,43.11,10.619,0.019,55.8,7.143,1,0,,,5,58010.40708706,2788109001351064728,10.531,0.024,10.52,0.021,10.297,0.067,9.11,,1046661329,11.518,0.0289,10.896,0.0281,10.781,0.0302,0.368536,134.379433
114,278.5358607,9.5669566,18h34m08.61s,09d34m01.04s,0.0415,0.0377,-0.008,10.625,0.019,58.6,28.41,10.592,0.024,46.1,10.22,1,0,,,5,58010.53799435,2788109001351064728,10.531,0.024,10.52,0.021,10.297,0.067,9.11,,1046661329,11.518,0.0289,10.896,0.0281,10.781,0.0302,0.441731,139.568705
115,278.5358572,9.5669686,18h34m08.61s,09d34m01.09s,0.0339,0.0366,0.0073,10.624,0.019,58.1,32.82,10.628,0.021,52.8,13.84,1,0,,,5,58010.66889772,2788109001351064728,10.531,0.024,10.52,0.021,10.297,0.067,9.11,,1046661329,11.518,0.0289,10.896,0.0281,10.781,0.0302,0.401218,136.91744
116,278.5358416,9.5669505,18h34m08.60s,09d34m01.02s,0.0357,0.0366,-0.006,10.636,0.019,57.7,36.79,10.63,0.023,46.6,16.37,1,0,,,5,58010.66902503,2788109001351064728,10.531,0.024,10.52,0.021,10.297,0.067,9.11,,1046661329,11.518,0.0289,10.896,0.0281,10.781,0.0302,0.419677,148.596554
117,278.5359028,9.5669589,18h34m08.62s,09d34m01.05s,0.0391,0.0382,-0.0149,10.617,0.021,51.4,29.05,10.613,0.022,48.4,14.82,1,0,,,10,58010.73447675,2788109001351064728,10.531,0.024,10.52,0.021,10.297,0.067,9.11,,1046661329,11.518,0.0289,10.896,0.0281,10.781,0.0302,0.545525,126.954866
118,278.5359015,9.5669597,18h34m08.62s,09d34m01.05s,0.0349,0.0329,-0.0104,10.61,0.016,66.5,41.08,10.681,0.02,53.4,13.37,1,0,,,5,58010.79992841,2788109001351064728,10.531,0.024,10.52,0.021,10.297,0.067,9.11,,1046661329,11.518,0.0289,10.896,0.0281,10.781,0.0302,0.540103,127.005042
119,278.5358657,9.566974,18h34m08.61s,09d34m01.11s,0.0419,0.0358,-0.0118,10.68,0.019,57.5,15.63,10.607,0.023,47.3,4.836,1,0,,,5,58010.86538008,2788109001351064728,10.531,0.024,10.52,0.021,10.297,0.067,9.11,,1046661329,11.518,0.0289,10.896,0.0281,10.781,0.0302,0.409156,131.965747
120,278.5358989,9.566965,18h34m08.62s,09d34m01.07s,0.0357,0.0316,-0.0114,10.597,0.016,70.0,27.46,10.571,0.02,55.4,7.875,1,0,,,10,58010.93083178,2788109001351064728,10.531,0.024,10.52,0.021,10.297,0.067,9.11,,1046661329,11.518,0.0289,10.896,0.0281,10.781,0.0302,0.521342,125.940953
121,278.5358574,9.5669708,18h34m08.61s,09d34m01.09s,0.0332,0.0337,-0.0093,10.612,0.016,65.8,24.52,10.555,0.02,53.5,11.81,1,0,,,5,58010.9962835,2788109001351064728,10.531,0.024,10.52,0.021,10.297,0.067,9.11,,1046661329,11.518,0.0289,10.896,0.0281,10.781,0.0302,0.395968,136.059588
122,278.5358534,9.5669612,18h34m08.60s,09d34m01.06s,0.0341,0.031,-0.0116,10.582,0.015,71.2,28.45,10.61,0.019,57.4,3.272,1,0,,,10,58011.06173516,2788109001351064728,10.531,0.024,10.52,0.021,10.297,0.067,9.11,,1046661329,11.518,0.0289,10.896,0.0281,10.781,0.0302,0.412422,140.817189
123,278.5358592,9.5669393,18h34m08.61s,09d34m00.98s,0.0353,0.0347,0.0038,10.607,0.019,56.7,23.01,10.634,0.02,55.5,11.82,1,0,,,10,58011.12718683,2788109001351064728,10.531,0.024,10.52,0.021,10.297,0.067,9.11,,1046661329,11.518,0.0289,10.896,0.0281,10.781,0.0302,0.487713,144.797152
124,278.5358745,9.5669676,18h34m08.61s,09d34m01.08s,0.0355,0.0317,-0.0031,10.635,0.017,65.2,26.4,10.634,0.021,52.3,8.432,1,0,,,5,58011.25821747,2788109001351064728,10.531,0.024,10.52,0.021,10.297,0.067,9.11,,1046661329,11.518,0.0289,10.896,0.0281,10.781,0.0302,0.447806,131.484907
125,278.5359048,9.5669461,18h34m08.62s,09d34m01.01s,0.0358,0.0323,-0.0119,10.617,0.016,67.7,6.793,10.611,0.02,54.9,4.128,1,0,,,5,58011.3891208,2788109001351064728,10.531,0.024,10.52,0.021,10.297,0.067,9.11,,1046661329,11.518,0.0289,10.896,0.0281,10.781,0.0302,0.579809,130.173532
126,278.5359056,9.5669825,18h34m08.62s,09d34m01.14s,0.036,0.0358,-0.0166,10.56,0.017,62.6,27.09,10.595,0.02,55.3,2.219,1,0,,,5,58206.73656194,2788109001351064728,10.531,0.024,10.52,0.021,10.297,0.067,9.11,,1046661329,11.518,0.0289,10.896,0.0281,10.781,0.0302,0.507793,118.590387
127,278.5359428,9.5669622,18h34m08.63s,09d34m01.06s,0.0357,0.0341,-0.0136,10.586,0.016,69.3,15.6,10.568,0.022,50.2,3.812,1,0,,,5,58206.86746566,2788109001351064728,10.531,0.024,10.52,0.021,10.297,0.067,9.11,,1046661329,11.518,0.0289,10.896,0.0281,10.781,0.0302,0.658716,118.675057
128,278.5358797,9.5669586,18h34m08.61s,09d34m01.05s,0.0386,0.0343,-0.0147,10.608,0.016,67.3,7.88,10.608,0.022,48.9,6.892,1,0,,,5,58206.99836939,2788109001351064728,10.531,0.024,10.52,0.021,10.297,0.067,9.11,,1046661329,11.518,0.0289,10.896,0.0281,10.781,0.0302,0.483247,132.912994
129,278.5358894,9.5669813,18h34m08.61s,09d34m01.13s,0.0381,0.0352,-0.0061,10.594,0.017,64.0,17.62,10.629,0.021,51.3,2.323,1,0,,,5,58207.12927306,2788109001351064728,10.531,0.024,10.52,0.021,10.297,0.067,9.11,,1046661329,11.518,0.0289,10.896,0.0281,10.781,0.0302,0.460423,122.490109
130,278.5359377,9.566935,18h34m08.63s,09d34m00.97s,0.039,0.034,-0.0155,10.602,0.016,66.4,7.548,10.561,0.021,51.9,6.547,1,0,,,5,58207.19472492,2788109001351064728,10.531,0.024,10.52,0.021,10.297,0.067,9.11,,1046661329,11.518,0.0289,10.896,0.0281,10.781,0.0302,0.696274,126.483578
131,278.5359089,9.5669707,18h34m08.62s,09d34m01.09s,0.0393,0.0362,-0.0112,10.612,0.019,57.9,24.31,10.606,0.022,49.7,3.039,1,0,,,5,58207.26017672,2788109001351064728,10.531,0.024,10.52,0.021,10.297,0.067,9.11,,1046661329,11.518,0.0289,10.896,0.0281,10.781,0.0302,0.539333,121.959311
132,278.5359082,9.566982,18h34m08.62s,09d34m01.14s,0.0354,0.0316,-0.0124,10.549,0.016,70.0,21.05,10.623,0.02,55.5,9.03,1,0,,,10,58207.32562859,2788109001351064728,10.531,0.024,10.52,0.021,10.297,0.067,9.11,,1046661329,11.518,0.0289,10.896,0.0281,10.781,0.0302,0.516765,118.275905
133,278.5358823,9.5669623,18h34m08.61s,09d34m01.06s,0.0364,0.0346,-0.012,10.587,0.017,63.3,27.43,10.61,0.026,41.5,9.272,1,0,,,5,58207.39108045,2788109001351064728,10.531,0.024,10.52,0.021,10.297,0.067,9.11,,1046661329,11.518,0.0289,10.896,0.0281,10.781,0.0302,0.48121,131.002834
134,278.5358751,9.5669512,18h34m08.61s,09d34m01.02s,0.0359,0.0329,-0.0107,10.597,0.017,65.1,15.15,10.592,0.021,51.3,8.577,1,0,,,10,58207.45653227,2788109001351064728,10.531,0.024,10.52,0.021,10.297,0.067,9.11,,1046661329,11.518,0.0289,10.896,0.0281,10.781,0.0302,0.490389,136.493999
135,278.5358976,9.5669614,18h34m08.62s,09d34m01.06s,0.0358,0.0354,-0.0066,10.608,0.019,58.1,28.71,10.665,0.021,52.7,3.963,1,0,,,10,58207.52198411,2788109001351064728,10.531,0.024,10.52,0.021,10.297,0.067,9.11,,1046661329,11.518,0.0289,10.896,0.0281,10.781,0.0302,0.525376,127.380814
136,278.5358635,9.5669578,18h34m08.61s,09d34m01.05s,0.0337,0.0338,-0.0029,10.611,0.018,60.8,21.89,10.64,0.022,49.1,4.665,1,0,,,10,58207.58743597,2788109001351064728,10.531,0.024,10.52,0.021,10.297,0.067,9.11,,1046661329,11.518,0.0289,10.896,0.0281,10.781,0.0302,0.445012,138.233731
137,278.5359635,9.5669478,18h34m08.63s,09d34m01.01s,0.0402,0.0441,-0.0132,10.562,0.02,55.1,22.86,10.803,0.028,38.9,18.23,1,0,,,10,58207.71834025,2788109001351064728,10.531,0.024,10.52,0.021,10.297,0.067,9.11,,1046661329,11.518,0.0289,10.896,0.0281,10.781,0.0302,0.748132,119.457901
138,278.5359104,9.5669845,18h34m08.62s,09d34m01.14s,0.0462,0.0419,0.0053,10.562,0.022,49.9,10.41,10.635,0.022,50.1,8.697,1,0,,,5,58207.84911662,2788109001351064728,10.531,0.024,10.52,0.021,10.297,0.067,9.11,,1046661329,11.518,0.0289,10.896,0.0281,10.781,0.0302,0.519509,116.99361
139,278.5358751,9.5669601,18h34m08.61s,09d34m01.06s,0.0338,0.0353,-0.0067,10.62,0.018,59.8,20.35,10.633,0.022,49.7,10.2,1,0,,,10,58216.09578309,2788109001351064728,10.531,0.024,10.52,0.021,10.297,0.067,9.11,,1046661329,11.518,0.0289,10.896,0.0281,10.781,0.0302,0.46767,133.790685
140,278.5358554,9.5669644,18h34m08.61s,09d34m01.07s,0.037,0.0349,-0.014,10.616,0.017,62.4,43.49,10.703,0.023,47.4,7.521,1,0,,,5,58370.90068089,2788109001351064728,10.531,0.024,10.52,0.021,10.297,0.067,9.11,,1046661329,11.518,0.0289,10.896,0.0281,10.781,0.0302,0.408174,139.02273
141,278.5358419,9.5669345,18h34m08.60s,09d34m00.96s,0.0362,0.0364,-0.0058,10.626,0.017,64.8,16.58,10.724,0.027,40.7,3.75,1,0,,,5,58371.03158417,2788109001351064728,10.531,0.024,10.52,0.021,10.297,0.067,9.11,,1046661329,11.518,0.0289,10.896,0.0281,10.781,0.0302,0.470289,152.144574
142,278.5358698,9.5669539,18h34m08.61s,09d34m01.03s,0.0346,0.0333,-0.0106,10.596,0.017,64.9,39.3,10.628,0.02,54.2,5.218,1,0,,,5,58371.16197809,2788109001351064728,10.531,0.024,10.52,0.021,10.297,0.067,9.11,,1046661329,11.518,0.0289,10.896,0.0281,10.781,0.0302,0.470439,137.341068
143,278.5359267,9.5669516,18h34m08.62s,09d34m01.03s,0.0396,0.0379,-0.0196,10.58,0.021,52.8,33.78,10.582,0.022,50.0,17.67,1,0,,,5,58371.22793904,2788109001351064728,10.531,0.024,10.52,0.021,10.297,0.067,9.11,,1046661329,11.518,0.0289,10.896,0.0281,10.781,0.0302,0.629838,124.224197
144,278.5358796,9.5669653,18h34m08.61s,09d34m01.08s,0.0333,0.0374,-0.0079,10.602,0.019,58.2,28.74,10.615,0.019,58.4,14.95,1,0,,,10,58371.29326388,2788109001351064728,10.531,0.024,10.52,0.021,10.297,0.067,9.11,,1046661329,11.518,0.0289,10.896,0.0281,10.781,0.0302,0.466892,130.774341
145,278.5359229,9.5669497,18h34m08.62s,09d34m01.02s,0.0362,0.0349,-0.0101,10.582,0.019,57.3,15.86,10.595,0.019,56.1,13.71,1,0,,,5,58371.35871547,2788109001351064728,10.531,0.024,10.52,0.021,10.297,0.067,9.11,,1046661329,11.518,0.0289,10.896,0.0281,10.781,0.0302,0.622672,125.442833
146,278.5358889,9.5669664,18h34m08.61s,09d34m01.08s,0.037,0.035,-0.0133,10.611,0.016,67.6,15.61,10.643,0.022,50.1,6.941,1,0,,,5,58371.42416716,2788109001351064728,10.531,0.024,10.52,0.021,10.297,0.067,9.11,,1046661329,11.518,0.0289,10.896,0.0281,10.781,0.0302,0.489926,127.900901
147,278.5358652,9.5669805,18h34m08.61s,09d34m01.13s,0.0396,0.0399,-0.0054,10.641,0.02,55.3,34.74,10.604,0.022,49.2,8.258,1,0,,,5,58371.48910944,2788109001351064728,10.531,0.024,10.52,0.021,10.297,0.067,9.11,,1046661329,11.518,0.0289,10.896,0.0281,10.781,0.0302,0.392529,129.598667
148,278.5358528,9.5669948,18h34m08.60s,09d34m01.18s,0.035,0.0308,-0.0127,10.595,0.015,71.1,20.49,10.638,0.019,58.1,6.144,1,0,,,5,58371.55456105,2788109001351064728,10.531,0.024,10.52,0.021,10.297,0.067,9.11,,1046661329,11.518,0.0289,10.896,0.0281,10.781,0.0302,0.326003,127.557982
149,278.5358759,9.5669629,18h34m08.61s,09d34m01.07s,0.0351,0.0361,-0.0137,10.606,0.016,66.6,26.45,10.687,0.023,46.9,10.5,1,0,,,5,58371.62052196,2788109001351064728,10.531,0.024,10.52,0.021,10.297,0.067,9.11,,1046661329,11.518,0.0289,10.896,0.0281,10.781,0.0302,0.462837,132.646544
150,278.5358959,9.5669664,18h34m08.62s,09d34m01.08s,0.0337,0.03,-0.0055,10.599,0.016,68.5,33.42,10.601,0.019,56.7,7.97,1,0,,,10,58371.75142524,2788109001351064728,10.531,0.024,10.52,0.021,10.297,0.067,9.11,,1046661329,11.518,0.0289,10.896,0.0281,10.781,0.0302,0.509761,126.184902
151,278.5358718,9.5669419,18h34m08.61s,09d34m00.99s,0.0365,0.0348,-0.0108,10.586,0.019,56.3,34.53,10.579,0.02,55.6,13.58,1,0,,,10,58371.88220111,2788109001351064728,10.531,0.024,10.52,0.021,10.297,0.067,9.11,,1046661329,11.518,0.0289,10.896,0.0281,10.781,0.0302,0.507588,140.057093
152,278.5359008,9.5669432,18h34m08.62s,09d34m01.00s,0.0397,0.034,-0.006,10.555,0.021,51.3,17.44,10.583,0.02,53.2,10.39,1,0,,,5,58371.88232847,2788109001351064728,10.531,0.024,10.52,0.021,10.297,0.067,9.11,,1046661329,11.518,0.0289,10.896,0.0281,10.781,0.0302,0.575951,131.878618
153,278.5359203,9.5669529,18h34m08.62s,09d34m01.03s,0.0349,0.0315,-0.0129,10.593,0.016,69.3,28.93,10.607,0.019,57.4,4.966,1,0,,,10,58372.01310443,2788109001351064728,10.531,0.024,10.52,0.021,10.297,0.067,9.11,,1046661329,11.518,0.0289,10.896,0.0281,10.781,0.0302,0.608484,125.063077
154,278.5358495,9.5669656,18h34m08.60s,09d34m01.08s,0.0319,0.0329,-0.0128,10.642,0.016,67.3,26.39,10.628,0.019,58.4,11.37,1,0,,,5,58379.73423874,2788109001351064728,10.531,0.024,10.52,0.021,10.297,0.067,9.11,,1046661329,11.518,0.0289,10.896,0.0281,10.781,0.0302,0.391397,140.923155
155,278.535885,9.566929,18h34m08.61s,09d34m00.94s,0.0366,0.0334,-0.0148,10.564,0.016,68.1,12.02,10.58,0.02,53.8,7.813,1,0,,,10,58379.79969042,2788109001351064728,10.531,0.024,10.52,0.021,10.297,0.067,9.11,,1046661329,11.518,0.0289,10.896,0.0281,10.781,0.0302,0.573312,139.446399
156,278.5359171,9.5669384,18h34m08.62s,09d34m00.98s,0.037,0.0312,-0.0131,10.589,0.015,70.5,12.79,10.624,0.02,53.3,3.37,1,0,,,5,58573.95671444,2788109001351064728,10.531,0.024,10.52,0.021,10.297,0.067,9.11,,1046661329,11.518,0.0289,10.896,0.0281,10.781,0.0302,0.631096,129.53916
157,278.5358993,9.5669642,18h34m08.62s,09d34m01.07s,0.0336,0.0325,-0.0107,10.577,0.016,69.6,24.85,10.59,0.018,59.3,12.42,1,0,,,5,58574.08749113,2788109001351064728,10.531,0.024,10.52,0.021,10.297,0.067,9.11,,1046661329,11.518,0.0289,10.896,0.0281,10.781,0.0302,0.524179,126.104721
158,278.5358988,9.5669659,18h34m08.62s,09d34m01.08s,0.0343,0.0327,-0.0129,10.599,0.016,66.6,26.93,10.653,0.022,48.7,6.553,1,0,,,5,58574.21839462,2788109001351064728,10.531,0.024,10.52,0.021,10.297,0.067,9.11,,1046661329,11.518,0.0289,10.896,0.0281,10.781,0.0302,0.519154,125.674444
159,278.5359449,9.5669611,18h34m08.63s,09d34m01.06s,0.0386,0.0324,-0.0127,10.566,0.017,63.7,15.45,10.627,0.021,51.1,7.198,1,0,,,5,58574.28384633,2788109001351064728,10.531,0.024,10.52,0.021,10.297,0.067,9.11,,1046661329,11.518,0.0289,10.896,0.0281,10.781,0.0302,0.667159,118.666227
160,278.5359151,9.5669804,18h34m08.62s,09d34m01.13s,0.0371,0.0347,0.0015,10.557,0.019,58.6,18.82,10.625,0.019,58.3,7.395,1,0,,,5,58574.34917073,2788109001351064728,10.531,0.024,10.52,0.021,10.297,0.067,9.11,,1046661329,11.518,0.0289,10.896,0.0281,10.781,0.0302,0.541099,117.584361
161,278.5359098,9.5669647,18h34m08.62s,09d34m01.07s,0.037,0.0322,-0.0143,10.618,0.015,70.4,9.349,10.638,0.019,56.5,2.85,1,0,,,5,58574.41462245,2788109001351064728,10.531,0.024,10.52,0.021,10.297,0.067,9.11,,1046661329,11.518,0.0289,10.896,0.0281,10.781,0.0302,0.553732,123.680815
162,278.5358784,9.5669699,18h34m08.61s,09d34m01.09s,0.0368,0.0355,-0.0125,10.647,0.018,60.4,29.8,10.648,0.021,51.9,2.255,1,0,,,10,58574.48007417,2788109001351064728,10.531,0.024,10.52,0.021,10.297,0.067,9.11,,1046661329,11.518,0.0289,10.896,0.0281,10.781,0.0302,0.452955,129.539856
163,278.535902,9.5669655,18h34m08.62s,09d34m01.08s,0.0351,0.032,-0.009,10.576,0.016,67.6,26.36,10.599,0.02,54.8,8.921,1,0,,,5,58574.54552588,2788109001351064728,10.531,0.024,10.52,0.021,10.297,0.067,9.11,,1046661329,11.518,0.0289,10.896,0.0281,10.781,0.0302,0.529246,125.083883
164,278.5359315,9.5669753,18h34m08.62s,09d34m01.11s,0.0412,0.0388,0.0074,10.615,0.02,54.8,10.99,10.6,0.021,52.6,3.878,1,0,,,10,58574.61085023,2788109001351064728,10.531,0.024,10.52,0.021,10.297,0.067,9.11,,1046661329,11.518,0.0289,10.896,0.0281,10.781,0.0302,0.6013,116.566125
165,278.5359577,9.5669507,18h34m08.63s,09d34m01.02s,0.0352,0.035,-0.0151,10.565,0.018,61.7,10.82,10.65,0.019,56.0,5.832,1,0,,,5,58574.67630196,2788109001351064728,10.531,0.024,10.52,0.021,10.297,0.067,9.11,,1046661329,11.518,0.0289,10.896,0.0281,10.781,0.0302,0.725073,119.539715
166,278.5358552,9.5669693,18h34m08.61s,09d34m01.09s,0.0367,0.0361,-0.0089,10.615,0.019,58.6,9.104,10.638,0.022,48.3,2.361,1,0,,,10,58574.80720543,2788109001351064728,10.531,0.024,10.52,0.021,10.297,0.067,9.11,,1046661329,11.518,0.0289,10.896,0.0281,10.781,0.0302,0.394546,137.420522
167,278.5358948,9.5669672,18h34m08.61s,09d34m01.08s,0.0391,0.0409,-0.0161,10.583,0.021,52.2,25.89,10.659,0.02,53.4,12.12,1,0,,,5,58574.93798155,2788109001351064728,10.531,0.024,10.52,0.021,10.297,0.067,9.11,,1046661329,11.518,0.0289,10.896,0.0281,10.781,0.0302,0.504911,126.18274
168,278.5358628,9.5669683,18h34m08.61s,09d34m01.09s,0.0355,0.0346,-0.005,10.626,0.018,59.2,24.74,10.609,0.022,50.0,11.31,1,0,,,10,58575.06888499,2788109001351064728,10.531,0.024,10.52,0.021,10.297,0.067,9.11,,1046661329,11.518,0.0289,10.896,0.0281,10.781,0.0302,0.415821,135.018089
169,278.5358731,9.5669313,18h34m08.61s,09d34m00.95s,0.0338,0.035,-0.0133,10.632,0.017,64.8,38.67,10.636,0.02,53.3,14.16,1,0,,,5,58737.93091878,2788109001351064728,10.531,0.024,10.52,0.021,10.297,0.067,9.11,,1046661329,11.518,0.0289,10.896,0.0281,10.781,0.0302,0.540217,142.280846
170,278.5358907,9.5669585,18h34m08.61s,09d34m01.05s,0.0376,0.0368,-0.0102,10.637,0.02,54.6,20.05,10.584,0.023,46.7,7.777,1,0,,,5,58738.06182206,2788109001351064728,10.531,0.024,10.52,0.021,10.297,0.067,9.11,,1046661329,11.518,0.0289,10.896,0.0281,10.781,0.0302,0.512773,129.970276
171,278.5358165,9.5669599,18h34m08.60s,09d34m01.06s,0.0374,0.0342,-0.0119,10.628,0.017,63.4,15.8,10.634,0.022,50.3,7.997,1,0,,,5,58738.19259793,2788109001351064728,10.531,0.024,10.52,0.021,10.297,0.067,9.11,,1046661329,11.518,0.0289,10.896,0.0281,10.781,0.0302,0.349282,158.224711
172,278.5358336,9.5669704,18h34m08.60s,09d34m01.09s,0.035,0.0347,0.0049,10.653,0.019,58.0,24.89,10.649,0.019,57.3,14.39,1,0,,,5,58738.3233738,2788109001351064728,10.531,0.024,10.52,0.021,10.297,0.067,9.11,,1046661329,11.518,0.0289,10.896,0.0281,10.781,0.0302,0.343981,146.415772
173,278.5358317,9.5669491,18h34m08.60s,09d34m01.02s,0.0392,0.0359,0.0061,10.628,0.02,55.5,31.55,10.648,0.023,47.5,14.45,1,0,,,5,58738.32350111,2788109001351064728,10.531,0.024,10.52,0.021,10.297,0.067,9.11,,1046661329,11.518,0.0289,10.896,0.0281,10.781,0.0302,0.406969,153.194253
174,278.5358398,9.5669443,18h34m08.60s,09d34m01.00s,0.0345,0.0336,-0.0141,10.644,0.017,64.9,23.45,10.646,0.02,55.2,11.53,1,0,,,5,58738.38882539,2788109001351064728,10.531,0.024,10.52,0.021,10.297,0.067,9.11,,1046661329,11.518,0.0289,10.896,0.0281,10.781,0.0302,0.435734,150.843563
175,278.5359164,9.5669527,18h34m08.62s,09d34m01.03s,0.0362,0.0334,-0.0059,10.635,0.016,66.6,35.98,10.673,0.02,53.0,12.04,1,0,,,5,58738.45427699,2788109001351064728,10.531,0.024,10.52,0.021,10.297,0.067,9.11,,1046661329,11.518,0.0289,10.896,0.0281,10.781,0.0302,0.597629,125.882127
176,278.5358561,9.5669479,18h34m08.61s,09d34m01.01s,0.0356,0.0357,0.0033,10.615,0.019,55.9,20.78,10.645,0.02,54.5,13.65,1,0,,,5,58738.51972858,2788109001351064728,10.531,0.024,10.52,0.021,10.297,0.067,9.11,,1046661329,11.518,0.0289,10.896,0.0281,10.781,0.0302,0.456156,143.684801
177,278.5358607,9.5669512,18h34m08.61s,09d34m01.02s,0.0365,0.0342,-0.0093,10.595,0.019,57.0,41.61,10.632,0.019,55.7,8.852,1,0,,,5,58738.58505281,2788109001351064728,10.531,0.024,10.52,0.021,10.297,0.067,9.11,,1046661329,11.518,0.0289,10.896,0.0281,10.781,0.0302,0.456704,141.150583
178,278.5358632,9.5669444,18h34m08.61s,09d34m01.00s,0.0377,0.0348,-0.0097,10.641,0.018,61.4,11.85,10.661,0.022,50.2,4.747,1,0,,,10,58738.65050435,2788109001351064728,10.531,0.024,10.52,0.021,10.297,0.067,9.11,,1046661329,11.518,0.0289,10.896,0.0281,10.781,0.0302,0.481406,142.155612
179,278.5359164,9.5669527,18h34m08.62s,09d34m01.03s,0.0379,0.0317,-0.0132,10.599,0.016,66.2,22.42,10.624,0.02,54.4,10.52,1,0,,,5,58738.715956,2788109001351064728,10.531,0.024,10.52,0.021,10.297,0.067,9.11,,1046661329,11.518,0.0289,10.896,0.0281,10.781,0.0302,0.597629,125.882127
180,278.5358595,9.566967,18h34m08.61s,09d34m01.08s,0.0364,0.0398,0.0124,10.655,0.02,53.2,20.29,10.589,0.021,50.5,16.65,1,0,,,10,58738.78128027,2788109001351064728,10.531,0.024,10.52,0.021,10.297,0.067,9.11,,1046661329,11.518,0.0289,10.896,0.0281,10.781,0.0302,0.411011,136.634594
181,278.5358508,9.566953,18h34m08.60s,09d34m01.03s,0.0351,0.0375,0.0042,10.651,0.02,54.3,26.37,10.624,0.023,47.8,11.04,1,0,,,5,58738.78140758,2788109001351064728,10.531,0.024,10.52,0.021,10.297,0.067,9.11,,1046661329,11.518,0.0289,10.896,0.0281,10.781,0.0302,0.430247,144.255714
182,278.5359183,9.5669437,18h34m08.62s,09d34m01.00s,0.0358,0.0337,-0.0121,10.628,0.016,68.1,22.48,10.637,0.021,51.3,8.202,1,0,,,10,58738.91218345,2788109001351064728,10.531,0.024,10.52,0.021,10.297,0.067,9.11,,1046661329,11.518,0.0289,10.896,0.0281,10.781,0.0302,0.622483,127.934968
183,278.5358976,9.5669418,18h34m08.62s,09d34m00.99s,0.0354,0.0354,-0.0109,10.6,0.017,65.3,39.06,10.65,0.022,48.6,7.366,1,0,,,5,58739.04295994,2788109001351064728,10.531,0.024,10.52,0.021,10.297,0.067,9.11,,1046661329,11.518,0.0289,10.896,0.0281,10.781,0.0302,0.570968,133.016222
184,278.5359322,9.566941,18h34m08.62s,09d34m00.99s,0.0367,0.0382,-0.0185,10.63,0.019,58.4,30.81,10.652,0.021,50.8,7.56,1,0,,,5,58938.17292072,2788109001351064728,10.531,0.024,10.52,0.021,10.297,0.067,9.11,,1046661329,11.518,0.0289,10.896,0.0281,10.781,0.0302,0.667761,125.989536
185,278.5358631,9.5669561,18h34m08.61s,09d34m01.04s,0.0389,0.037,-0.0086,10.612,0.019,56.2,29.66,10.691,0.022,49.6,10.23,1,0,,,5,58938.17304803,2788109001351064728,10.531,0.024,10.52,0.021,10.297,0.067,9.11,,1046661329,11.518,0.0289,10.896,0.0281,10.781,0.0302,0.448659,138.889583
186,278.5358446,9.5669563,18h34m08.60s,09d34m01.04s,0.0407,0.0337,-0.0036,10.649,0.018,60.6,33.66,10.695,0.023,47.4,8.462,1,0,,,0,58938.30382406,2788109001351064728,10.531,0.024,10.52,0.021,10.297,0.067,9.11,,1046661329,11.518,0.0289,10.896,0.0281,10.781,0.0302,0.407896,145.79034
187,278.5358593,9.5669662,18h34m08.61s,09d34m01.08s,0.0389,0.0372,-0.0092,10.657,0.017,64.0,9.302,10.66,0.022,49.7,2.459,1,0,,,5,58938.43460015,2788109001351064728,10.531,0.024,10.52,0.021,10.297,0.067,9.11,,1046661329,11.518,0.0289,10.896,0.0281,10.781,0.0302,0.412628,136.980864
188,278.5359701,9.5669727,18h34m08.63s,09d34m01.10s,0.0364,0.035,-0.011,10.613,0.017,65.1,32.72,10.605,0.021,50.7,11.43,1,0,,,5,58938.56537625,2788109001351064728,10.531,0.024,10.52,0.021,10.297,0.067,9.11,,1046661329,11.518,0.0289,10.896,0.0281,10.781,0.0302,0.729968,112.409437
189,278.5359076,9.5669637,18h34m08.62s,09d34m01.07s,0.0383,0.033,-0.0143,10.658,0.017,64.9,12.31,10.627,0.022,49.5,5.076,1,0,,,5,58938.63082795,2788109001351064728,10.531,0.024,10.52,0.021,10.297,0.067,9.11,,1046661329,11.518,0.0289,10.896,0.0281,10.781,0.0302,0.549278,124.445103
190,278.5358856,9.56696,18h34m08.61s,09d34m01.06s,0.0383,0.0371,-0.0153,10.653,0.017,62.3,17.14,10.667,0.023,48.0,8.512,1,0,,,5,58938.69615286,2788109001351064728,10.531,0.024,10.52,0.021,10.297,0.067,9.11,,1046661329,11.518,0.0289,10.896,0.0281,10.781,0.0302,0.495486,130.836631
191,278.5358972,9.566956,18h34m08.62s,09d34m01.04s,0.0377,0.0349,-0.0071,10.606,0.017,65.5,24.73,10.618,0.021,52.7,6.683,1,0,,,5,58938.76160461,2788109001351064728,10.531,0.024,10.52,0.021,10.297,0.067,9.11,,1046661329,11.518,0.0289,10.896,0.0281,10.781,0.0302,0.536294,129.123519
192,278.5359391,9.5669548,18h34m08.63s,09d34m01.04s,0.0411,0.0379,-0.0092,10.625,0.019,57.8,55.22,10.727,0.023,48.1,24.34,1,0,,,5,58938.82692895,2788109001351064728,10.531,0.024,10.52,0.021,10.297,0.067,9.11,,1046661329,11.518,0.0289,10.896,0.0281,10.781,0.0302,0.660642,121.249585
193,278.5359021,9.5669684,18h34m08.62s,09d34m01.09s,0.0365,0.0336,-0.0107,10.617,0.016,67.2,34.71,10.678,0.021,50.6,3.736,1,0,,,5,58938.89238064,2788109001351064728,10.531,0.024,10.52,0.021,10.297,0.067,9.11,,1046661329,11.518,0.0289,10.896,0.0281,10.781,0.0302,0.523611,124.126685
194,278.5358686,9.5669567,18h34m08.61s,09d34m01.04s,0.0489,0.0455,-0.0192,10.682,0.024,46.1,29.88,10.663,0.03,35.9,10.75,1,0,,,10,58939.02315677,2788109001351064728,10.531,0.024,10.52,0.021,10.297,0.067,9.11,,1046661329,11.518,0.0289,10.896,0.0281,10.781,0.0302,0.460156,136.880634
195,278.5358495,9.56697,18h34m08.60s,09d34m01.09s,0.0391,0.0406,-0.0175,10.606,0.02,53.0,5.674,10.662,0.021,50.8,6.124,1,0,,,5,58939.15393281,2788109001351064728,10.531,0.024,10.52,0.021,10.297,0.067,9.11,,1046661329,11.518,0.0289,10.896,0.0281,10.781,0.0302,0.379224,139.414409
196,278.5358999,9.5669414,18h34m08.62s,09d34m00.99s,0.0394,0.0364,-0.0152,10.662,0.022,50.5,20.4,10.649,0.021,51.8,6.779,1,0,,,10,58939.2848362,2788109001351064728,10.531,0.024,10.52,0.021,10.297,0.067,9.11,,1046661329,11.518,0.0289,10.896,0.0281,10.781,0.0302,0.57794,132.56839
197,278.5358531,9.5669488,18h34m08.60s,09d34m01.02s,0.035,0.0335,-0.0131,10.677,0.017,62.1,19.05,10.691,0.021,51.3,7.357,1,0,,,5,59102.2247501,2788109001351064728,10.531,0.024,10.52,0.021,10.297,0.067,9.11,,1046661329,11.518,0.0289,10.896,0.0281,10.781,0.0302,0.447288,144.538264
198,278.535926,9.5669509,18h34m08.62s,09d34m01.02s,0.0392,0.0391,-0.0087,10.732,0.02,54.0,25.88,10.66,0.021,51.8,7.767,1,0,,,5,59102.35603525,2788109001351064728,10.531,0.024,10.52,0.021,10.297,0.067,9.11,,1046661329,11.518,0.0289,10.896,0.0281,10.781,0.0302,0.629207,124.541203
199,278.535869,9.5669366,18h34m08.61s,09d34m00.97s,0.0397,0.038,-0.0136,10.658,0.017,63.2,39.45,10.63,0.024,46.0,7.433,1,0,,,5,59102.48681117,2788109001351064728,10.531,0.024,10.52,0.021,10.297,0.067,9.11,,1046661329,11.518,0.0289,10.896,0.0281,10.781,0.0302,0.516216,142.263097
200,278.5358818,9.5669597,18h34m08.61s,09d34m01.05s,0.0417,0.0384,-0.0111,10.683,0.02,53.2,25.97,10.592,0.023,46.9,15.41,1,0,,,5,59102.55162603,2788109001351064728,10.531,0.024,10.52,0.021,10.297,0.067,9.11,,1046661329,11.518,0.0289,10.896,0.0281,10.781,0.0302,0.486083,131.972777
201,278.5359094,9.5669504,18h34m08.62s,09d34m01.02s,0.0419,0.0387,-0.0182,10.673,0.022,48.9,24.11,10.639,0.023,48.2,13.16,1,0,,,5,59102.55175334,2788109001351064728,10.531,0.024,10.52,0.021,10.297,0.067,9.11,,1046661329,11.518,0.0289,10.896,0.0281,10.781,0.0302,0.582734,127.974251
202,278.5358904,9.5669593,18h34m08.61s,09d34m01.05s,0.0387,0.0359,-0.0176,10.639,0.017,65.7,21.47,10.669,0.02,55.6,2.11,1,0,,,5,59102.61758696,2788109001351064728,10.531,0.024,10.52,0.021,10.297,0.067,9.11,,1046661329,11.518,0.0289,10.896,0.0281,10.781,0.0302,0.510104,129.799208
203,278.5360052,9.5669534,18h34m08.64s,09d34m01.03s,0.0424,0.0384,-0.0093,10.661,0.021,51.6,20.04,10.676,0.021,52.0,10.13,1,0,,,5,59102.68291117,2788109001351064728,10.531,0.024,10.52,0.021,10.297,0.067,9.11,,1046661329,11.518,0.0289,10.896,0.0281,10.781,0.0302,0.87181,113.509122
204,278.5358748,9.566943,18h34m08.61s,09d34m00.99s,0.0409,0.0373,-0.0124,10.643,0.021,51.6,38.23,10.633,0.024,46.1,11.61,1,0,,,5,59102.68303853,2788109001351064728,10.531,0.024,10.52,0.021,10.297,0.067,9.11,,1046661329,11.518,0.0289,10.896,0.0281,10.781,0.0302,0.5115,138.857612
205,278.5359162,9.5669503,18h34m08.62s,09d34m01.02s,0.0375,0.0328,-0.0111,10.654,0.016,69.3,25.21,10.652,0.023,46.3,5.975,1,0,,,10,59102.74836279,2788109001351064728,10.531,0.024,10.52,0.021,10.297,0.067,9.11,,1046661329,11.518,0.0289,10.896,0.0281,10.781,0.0302,0.602156,126.587825
206,278.5359141,9.5669668,18h34m08.62s,09d34m01.08s,0.0408,0.0379,0.0079,10.751,0.021,52.0,13.0,10.642,0.021,52.6,8.236,1,0,,,10,59102.81368699,2788109001351064728,10.531,0.024,10.52,0.021,10.297,0.067,9.11,,1046661329,11.518,0.0289,10.896,0.0281,10.781,0.0302,0.562432,122.177404
207,278.5358383,9.5669501,18h34m08.60s,09d34m01.02s,0.0393,0.0404,0.0038,10.671,0.022,48.6,30.15,10.667,0.022,49.6,11.08,1,0,,,5,59102.81381436,2788109001351064728,10.531,0.024,10.52,0.021,10.297,0.067,9.11,,1046661329,11.518,0.0289,10.896,0.0281,10.781,0.0302,0.414934,150.080986
208,278.5359325,9.5669454,18h34m08.62s,09d34m01.00s,0.0376,0.0331,-0.0122,10.668,0.016,67.6,21.15,10.691,0.019,56.0,6.353,1,0,,,5,59102.87913861,2788109001351064728,10.531,0.024,10.52,0.021,10.297,0.067,9.11,,1046661329,11.518,0.0289,10.896,0.0281,10.781,0.0302,0.659447,124.821526
209,278.5358177,9.5669584,18h34m08.60s,09d34m01.05s,0.0354,0.0348,0.0044,10.665,0.019,58.0,42.81,10.71,0.022,48.5,8.141,1,0,,,10,59102.94459019,2788109001351064728,10.531,0.024,10.52,0.021,10.297,0.067,9.11,,1046661329,11.518,0.0289,10.896,0.0281,10.781,0.0302,0.355886,157.910328
210,278.5358929,9.5669611,18h34m08.61s,09d34m01.06s,0.0361,0.0318,-0.0116,10.641,0.016,66.1,29.11,10.693,0.02,54.3,11.78,1,0,,,5,59103.07536602,2788109001351064728,10.531,0.024,10.52,0.021,10.297,0.067,9.11,,1046661329,11.518,0.0289,10.896,0.0281,10.781,0.0302,0.512893,128.608353
211,278.5358739,9.5669481,18h34m08.61s,09d34m01.01s,0.0386,0.0328,-0.0107,10.679,0.017,65.4,29.98,10.653,0.021,52.7,6.736,1,0,,,10,59103.2061419,2788109001351064728,10.531,0.024,10.52,0.021,10.297,0.067,9.11,,1046661329,11.518,0.0289,10.896,0.0281,10.781,0.0302,0.495667,137.739338
212,278.5359263,9.5669504,18h34m08.62s,09d34m01.02s,0.0397,0.0345,-0.0152,10.587,0.017,62.1,41.16,10.671,0.021,51.8,18.6,1,0,,,0,59103.33691767,2788109001351064728,10.531,0.024,10.52,0.021,10.297,0.067,9.11,,1046661329,11.518,0.0289,10.896,0.0281,10.781,0.0302,0.631104,124.620991
213,278.5358838,9.5669694,18h34m08.61s,09d34m01.09s,0.0425,0.0377,-0.0119,10.666,0.021,52.1,30.98,10.664,0.02,55.0,9.215,1,0,,,10,59302.3881825,2788109001351064728,10.531,0.024,10.52,0.021,10.297,0.067,9.11,,1046661329,11.518,0.0289,10.896,0.0281,10.781,0.0302,0.469011,128.218483
214,278.5359021,9.5669803,18h34m08.62s,09d34m01.13s,0.0367,0.033,0.0123,10.641,0.019,56.6,28.98,10.646,0.019,56.4,6.565,1,0,,,5,59302.38830986,2788109001351064728,10.531,0.024,10.52,0.021,10.297,0.067,9.11,,1046661329,11.518,0.0289,10.896,0.0281,10.781,0.0302,0.500834,120.066321
215,278.5359098,9.5669464,18h34m08.62s,09d34m01.01s,0.0359,0.0332,-0.0112,10.657,0.016,69.7,25.6,10.669,0.021,52.7,3.359,1,0,,,5,59302.51895856,2788109001351064728,10.531,0.024,10.52,0.021,10.297,0.067,9.11,,1046661329,11.518,0.0289,10.896,0.0281,10.781,0.0302,0.592804,128.986985
216,278.535899,9.5669555,18h34m08.62s,09d34m01.04s,0.0365,0.0355,-0.0118,10.672,0.016,66.0,18.69,10.741,0.024,44.9,7.363,1,0,,,10,59302.64973466,2788109001351064728,10.531,0.024,10.52,0.021,10.297,0.067,9.11,,1046661329,11.518,0.0289,10.896,0.0281,10.781,0.0302,0.542399,128.845112
217,278.5359416,9.5669811,18h34m08.63s,09d34m01.13s,0.0346,0.0318,-0.0124,10.62,0.015,70.7,31.1,10.623,0.02,54.5,7.594,1,0,,,10,59302.71505906,2788109001351064728,10.531,0.024,10.52,0.021,10.297,0.067,9.11,,1046661329,11.518,0.0289,10.896,0.0281,10.781,0.0302,0.624997,113.382431
218,278.5358843,9.5669404,18h34m08.61s,09d34m00.99s,0.0368,0.0377,-0.0125,10.709,0.019,57.2,35.68,10.645,0.022,50.2,12.78,1,0,,,10,59302.78051073,2788109001351064728,10.531,0.024,10.52,0.021,10.297,0.067,9.11,,1046661329,11.518,0.0289,10.896,0.0281,10.781,0.0302,0.541082,136.819961
219,278.5359285,9.5669508,18h34m08.62s,09d34m01.02s,0.0364,0.0321,-0.012,10.621,0.016,69.5,27.57,10.629,0.02,53.9,6.617,1,0,,,5,59302.84583513,2788109001351064728,10.531,0.024,10.52,0.021,10.297,0.067,9.11,,1046661329,11.518,0.0289,10.896,0.0281,10.781,0.0302,0.636737,124.115086
220,278.5359298,9.5669646,18h34m08.62s,09d34m01.07s,0.0375,0.0338,-0.0111,10.637,0.017,62.4,24.0,10.637,0.02,54.2,11.87,1,0,,,5,59302.91115951,2788109001351064728,10.531,0.024,10.52,0.021,10.297,0.067,9.11,,1046661329,11.518,0.0289,10.896,0.0281,10.781,0.0302,0.614256,120.033663
221,278.5358687,9.566942,18h34m08.61s,09d34m00.99s,0.0382,0.0347,0.0034,10.686,0.017,62.1,27.49,10.658,0.024,45.2,13.16,1,0,,,5,59302.97661127,2788109001351064728,10.531,0.024,10.52,0.021,10.297,0.067,9.11,,1046661329,11.518,0.0289,10.896,0.0281,10.781,0.0302,0.500315,140.996891
222,278.5359004,9.5669737,18h34m08.62s,09d34m01.11s,0.0327,0.0323,-0.0106,10.67,0.016,66.3,30.25,10.691,0.02,55.5,6.59,1,0,,,5,59303.04193563,2788109001351064728,10.531,0.024,10.52,0.021,10.297,0.067,9.11,,1046661329,11.518,0.0289,10.896,0.0281,10.781,0.0302,0.508063,122.727187
223,278.5359167,9.5669453,18h34m08.62s,09d34m01.00s,0.0405,0.0387,-0.0098,10.663,0.021,52.7,37.81,10.699,0.021,52.9,10.03,1,0,,,5,59303.10726002,2788109001351064728,10.531,0.024,10.52,0.021,10.297,0.067,9.11,,1046661329,11.518,0.0289,10.896,0.0281,10.781,0.0302,0.614463,127.836952
224,278.5358765,9.5669513,18h34m08.61s,09d34m01.02s,0.0367,0.0353,-0.0139,10.673,0.017,63.7,18.37,10.683,0.024,44.9,9.896,1,0,,,5,59303.23803608,2788109001351064728,10.531,0.024,10.52,0.021,10.297,0.067,9.11,,1046661329,11.518,0.0289,10.896,0.0281,10.781,0.0302,0.493566,136.046772
225,278.5358409,9.5669728,18h34m08.60s,09d34m01.10s,0.0361,0.0331,-0.0144,10.68,0.018,61.4,7.731,10.689,0.02,54.5,11.8,1,0,,,5,59303.36881214,2788109001351064728,10.531,0.024,10.52,0.021,10.297,0.067,9.11,,1046661329,11.518,0.0289,10.896,0.0281,10.781,0.0302,0.35211,142.121057
226,278.5358637,9.5669517,18h34m08.61s,09d34m01.03s,0.038,0.0355,-0.0105,10.672,0.018,61.5,22.64,10.65,0.022,50.5,6.475,1,0,,,5,59308.46793418,2788109001351064728,10.531,0.024,10.52,0.021,10.297,0.067,9.11,,1046661329,11.518,0.0289,10.896,0.0281,10.781,0.0302,0.462082,139.982075
227,278.535876,9.5669672,18h34m08.61s,09d34m01.08s,0.0388,0.0388,-0.012,10.66,0.022,50.2,33.38,10.644,0.025,43.1,10.2,1,0,,,5,59466.35339811,2788109001351064728,10.531,0.024,10.52,0.021,10.297,0.067,9.11,,1046661329,11.518,0.0289,10.896,0.0281,10.781,0.0302,0.452757,131.175042
228,278.5358946,9.5669227,18h34m08.61s,09d34m00.92s,0.039,0.0374,-0.0084,10.638,0.02,55.5,12.89,10.683,0.022,48.9,5.683,1,0,,,5,59466.48353725,2788109001351064728,10.531,0.024,10.52,0.021,10.297,0.067,9.11,,1046661329,11.518,0.0289,10.896,0.0281,10.781,0.0302,0.612801,138.40404
229,278.5358872,9.566941,18h34m08.61s,09d34m00.99s,0.0369,0.0358,-0.0114,10.728,0.018,59.0,29.65,10.716,0.026,41.7,11.59,1,0,,,5,59466.6148224,2788109001351064728,10.531,0.024,10.52,0.021,10.297,0.067,9.11,,1046661329,11.518,0.0289,10.896,0.0281,10.781,0.0302,0.546623,135.878121
230,278.5358953,9.5669434,18h34m08.61s,09d34m01.00s,0.0369,0.034,-0.01,10.629,0.017,65.8,38.64,10.673,0.021,50.8,4.635,1,0,,,5,59466.74547094,2788109001351064728,10.531,0.024,10.52,0.021,10.297,0.067,9.11,,1046661329,11.518,0.0289,10.896,0.0281,10.781,0.0302,0.56107,133.154962
231,278.5359763,9.566956,18h34m08.63s,09d34m01.04s,0.0411,0.0385,-0.0112,10.682,0.021,51.4,33.12,10.7,0.02,53.4,16.86,1,0,,,5,59466.8107952,2788109001351064728,10.531,0.024,10.52,0.021,10.297,0.067,9.11,,1046661329,11.518,0.0289,10.896,0.0281,10.781,0.0302,0.774672,115.901788
232,278.5358919,9.5669291,18h34m08.61s,09d34m00.94s,0.0403,0.0354,-0.0143,10.649,0.02,54.1,24.45,10.668,0.022,48.3,8.69,1,0,,,5,59466.81092251,2788109001351064728,10.531,0.024,10.52,0.021,10.297,0.067,9.11,,1046661329,11.518,0.0289,10.896,0.0281,10.781,0.0302,0.589263,137.613737
233,278.5358967,9.5669328,18h34m08.62s,09d34m00.96s,0.0378,0.0362,0.0065,10.68,0.019,58.3,51.11,10.671,0.022,49.6,7.479,1,0,,,10,59466.87624678,2788109001351064728,10.531,0.024,10.52,0.021,10.297,0.067,9.11,,1046661329,11.518,0.0289,10.896,0.0281,10.781,0.0302,0.591304,135.523674
234,278.5358765,9.5669295,18h34m08.61s,09d34m00.95s,0.0395,0.0345,-0.01,10.649,0.018,59.5,27.45,10.673,0.024,44.7,4.577,1,0,,,5,59466.94157105,2788109001351064728,10.531,0.024,10.52,0.021,10.297,0.067,9.11,,1046661329,11.518,0.0289,10.896,0.0281,10.781,0.0302,0.55275,141.702127
235,278.5359185,9.5669699,18h34m08.62s,09d34m01.09s,0.0368,0.0328,-0.0144,10.687,0.016,69.7,23.8,10.697,0.02,53.2,8.907,1,0,,,5,59467.00689531,2788109001351064728,10.531,0.024,10.52,0.021,10.297,0.067,9.11,,1046661329,11.518,0.0289,10.896,0.0281,10.781,0.0302,0.569991,120.391458
236,278.5358999,9.5669582,18h34m08.62s,09d34m01.05s,0.0386,0.0386,0.0087,10.743,0.02,55.4,18.12,10.675,0.019,56.2,15.98,1,0,,,5,59467.07221958,2788109001351064728,10.531,0.024,10.52,0.021,10.297,0.067,9.11,,1046661329,11.518,0.0289,10.896,0.0281,10.781,0.0302,0.538869,127.827069
237,278.5359346,9.566953,18h34m08.62s,09d34m01.03s,0.0374,0.0339,0.0028,10.67,0.017,64.4,31.59,10.684,0.022,50.2,6.802,1,0,,,5,59467.20299543,2788109001351064728,10.531,0.024,10.52,0.021,10.297,0.067,9.11,,1046661329,11.518,0.0289,10.896,0.0281,10.781,0.0302,0.650497,122.467564
238,278.5358708,9.566948,18h34m08.61s,09d34m01.01s,0.0366,0.0351,-0.0147,10.694,0.017,64.8,10.18,10.676,0.021,50.5,8.961,1,0,,,5,59467.33364391,2788109001351064728,10.531,0.024,10.52,0.021,10.297,0.067,9.11,,1046661329,11.518,0.0289,10.896,0.0281,10.781,0.0302,0.488603,138.72284
239,278.5359125,9.5669683,18h34m08.62s,09d34m01.09s,0.0347,0.0323,-0.0119,10.662,0.015,71.2,21.59,10.693,0.02,53.8,6.779,1,0,,,5,59472.62682008,2788109001351064728,10.531,0.024,10.52,0.021,10.297,0.067,9.11,,1046661329,11.518,0.0289,10.896,0.0281,10.781,0.0302,0.554754,122.017752
240,278.5359272,9.5668861,18h34m08.62s,09d34m00.79s,0.0362,0.0362,-0.0172,10.509,0.018,58.8,22.68,10.623,0.02,54.9,10.76,1,0,,,5,59669.36136848,2788109001351064728,10.531,0.024,10.52,0.021,10.297,0.067,9.11,,1046661329,11.518,0.0289,10.896,0.0281,10.781,0.0302,0.788163,138.471318
241,278.535935,9.5669516,18h34m08.62s,09d34m01.03s,0.0383,0.0331,-0.0136,10.645,0.015,70.2,18.81,10.609,0.022,48.6,5.311,1,0,,,5,59669.49201731,2788109001351064728,10.531,0.024,10.52,0.021,10.297,0.067,9.11,,1046661329,11.518,0.0289,10.896,0.0281,10.781,0.0302,0.654407,122.773123
242,278.535936,9.566954,18h34m08.62s,09d34m01.03s,0.0393,0.0363,-0.0123,10.671,0.016,65.9,24.95,10.683,0.022,49.1,6.488,1,0,,,5,59669.62253874,2788109001351064728,10.531,0.024,10.52,0.021,10.297,0.067,9.11,,1046661329,11.518,0.0289,10.896,0.0281,10.781,0.0302,0.6527810000000001,121.966796
243,278.5359146,9.5669434,18h34m08.62s,09d34m01.00s,0.038,0.0359,-0.0188,10.666,0.016,68.4,22.01,10.687,0.022,48.7,5.576,1,0,,,5,59669.68786311,2788109001351064728,10.531,0.024,10.52,0.021,10.297,0.067,9.11,,1046661329,11.518,0.0289,10.896,0.0281,10.781,0.0302,0.612847,128.769554
244,278.5358855,9.5669345,18h34m08.61s,09d34m00.96s,0.0358,0.0336,-0.0035,10.739,0.018,61.2,7.495,10.723,0.021,50.6,3.341,1,0,,,10,59669.75318758,2788109001351064728,10.531,0.024,10.52,0.021,10.297,0.067,9.11,,1046661329,11.518,0.0289,10.896,0.0281,10.781,0.0302,0.559604,137.990121
245,278.5359185,9.5669772,18h34m08.62s,09d34m01.12s,0.038,0.0338,0.0071,10.679,0.019,56.5,23.49,10.658,0.021,52.2,6.98,1,0,,,5,59669.81851196,2788109001351064728,10.531,0.024,10.52,0.021,10.297,0.067,9.11,,1046661329,11.518,0.0289,10.896,0.0281,10.781,0.0302,0.55715,118.059631
246,278.5358763,9.5669668,18h34m08.61s,09d34m01.08s,0.0416,0.0419,-0.0053,10.617,0.021,52.0,8.6,10.65,0.024,44.7,3.015,1,0,,,5,59669.883709,2788109001351064728,10.531,0.024,10.52,0.021,10.297,0.067,9.11,,1046661329,11.518,0.0289,10.896,0.0281,10.781,0.0302,0.454506,131.223292
247,278.535906,9.5669516,18h34m08.62s,09d34m01.03s,0.0419,0.0353,-0.019,10.649,0.017,64.1,18.71,10.635,0.022,48.8,3.783,1,0,,,5,59669.94903343,2788109001351064728,10.531,0.024,10.52,0.021,10.297,0.067,9.11,,1046661329,11.518,0.0289,10.896,0.0281,10.781,0.0302,0.570579,128.378056
248,278.5358406,9.566966,18h34m08.60s,09d34m01.08s,0.0372,0.0346,-0.0126,10.701,0.018,60.9,4.748,10.687,0.023,46.8,7.754,1,0,,,5,59670.01435789,2788109001351064728,10.531,0.024,10.52,0.021,10.297,0.067,9.11,,1046661329,11.518,0.0289,10.896,0.0281,10.781,0.0302,0.371116,144.572143
249,278.5359031,9.5669626,18h34m08.62s,09d34m01.07s,0.0367,0.0328,0.0098,10.666,0.017,63.2,29.17,10.655,0.022,49.1,9.078,1,0,,,10,59670.07968226,2788109001351064728,10.531,0.024,10.52,0.021,10.297,0.067,9.11,,1046661329,11.518,0.0289,10.896,0.0281,10.781,0.0302,0.538483,125.754095
250,278.5359029,9.5669619,18h34m08.62s,09d34m01.06s,0.0367,0.0342,-0.0123,10.675,0.017,64.9,17.54,10.675,0.021,50.7,2.064,1,0,,,5,59670.21020374,2788109001351064728,10.531,0.024,10.52,0.021,10.297,0.067,9.11,,1046661329,11.518,0.0289,10.896,0.0281,10.781,0.0302,0.539386,126.015398
251,278.5359178,9.5669566,18h34m08.62s,09d34m01.04s,0.0388,0.036,-0.0058,10.644,0.018,59.0,38.0,10.688,0.023,47.6,8.553,1,0,,,5,59670.34085252,2788109001351064728,10.531,0.024,10.52,0.021,10.297,0.067,9.11,,1046661329,11.518,0.0289,10.896,0.0281,10.781,0.0302,0.593592,124.502818
252,278.535868,9.5669568,18h34m08.61s,09d34m01.04s,0.0343,0.0347,-0.0098,10.686,0.017,63.2,32.12,10.696,0.019,57.7,10.95,1,0,,,5,59670.47137405,2788109001351064728,10.531,0.024,10.52,0.021,10.297,0.067,9.11,,1046661329,11.518,0.0289,10.896,0.0281,10.781,0.0302,0.458438,137.044191
253,278.535848,9.5669532,18h34m08.60s,09d34m01.03s,0.0397,0.0343,-0.0122,10.675,0.019,57.9,5.517,10.679,0.023,47.2,9.425,1,0,,,5,59833.43198529,2788109001351064728,10.531,0.024,10.52,0.021,10.297,0.067,9.11,,1046661329,11.518,0.0289,10.896,0.0281,10.781,0.0302,0.423921,145.289293
254,278.5358581,9.5669329,18h34m08.61s,09d34m00.96s,0.0394,0.0362,-0.0153,10.67,0.019,58.4,21.87,10.661,0.019,57.3,9.616,1,0,,,5,59833.56237971,2788109001351064728,10.531,0.024,10.52,0.021,10.297,0.067,9.11,,1046661329,11.518,0.0289,10.896,0.0281,10.781,0.0302,0.504555,146.668061
255,278.5358982,9.5669469,18h34m08.62s,09d34m01.01s,0.0409,0.04,-0.009,10.731,0.022,49.3,27.24,10.65,0.021,51.4,9.411,1,0,,,5,59833.69277361,2788109001351064728,10.531,0.024,10.52,0.021,10.297,0.067,9.11,,1046661329,11.518,0.0289,10.896,0.0281,10.781,0.0302,0.560203,131.494448
256,278.5359778,9.566943,18h34m08.63s,09d34m00.99s,0.0419,0.038,-0.0067,10.68,0.02,54.7,30.81,10.685,0.021,51.5,10.57,1,0,,,5,59833.75797058,2788109001351064728,10.531,0.024,10.52,0.021,10.297,0.067,9.11,,1046661329,11.518,0.0289,10.896,0.0281,10.781,0.0302,0.800892,118.748282
257,278.535896,9.5669399,18h34m08.62s,09d34m00.98s,0.0421,0.0412,-0.0106,10.708,0.023,47.1,5.604,10.661,0.023,47.0,9.846,1,0,,,5,59833.75809795,2788109001351064728,10.531,0.024,10.52,0.021,10.297,0.067,9.11,,1046661329,11.518,0.0289,10.896,0.0281,10.781,0.0302,0.571555,133.906037
258,278.5358734,9.5669447,18h34m08.61s,09d34m01.00s,0.0346,0.0347,-0.0058,10.655,0.018,60.8,27.73,10.649,0.021,51.6,11.42,1,0,,,5,59833.82329487,2788109001351064728,10.531,0.024,10.52,0.021,10.297,0.067,9.11,,1046661329,11.518,0.0289,10.896,0.0281,10.781,0.0302,0.503627,138.825321
259,278.5358662,9.5669589,18h34m08.61s,09d34m01.05s,0.0385,0.0357,-0.0046,10.652,0.018,58.8,30.37,10.662,0.022,50.5,5.835,1,0,,,5,59833.88849185,2788109001351064728,10.531,0.024,10.52,0.021,10.297,0.067,9.11,,1046661329,11.518,0.0289,10.896,0.0281,10.781,0.0302,0.448554,136.983514
260,278.5358898,9.5669425,18h34m08.61s,09d34m00.99s,0.0388,0.0347,-0.0092,10.638,0.017,64.2,15.02,10.616,0.023,48.2,6.6,1,0,,,5,59833.95368882,2788109001351064728,10.531,0.024,10.52,0.021,10.297,0.067,9.11,,1046661329,11.518,0.0289,10.896,0.0281,10.781,0.0302,0.54927,134.794759
261,278.5358581,9.5669607,18h34m08.61s,09d34m01.06s,0.0381,0.0401,-0.0149,10.642,0.018,61.1,14.68,10.714,0.025,44.0,5.354,1,0,,,5,59834.01888575,2788109001351064728,10.531,0.024,10.52,0.021,10.297,0.067,9.11,,1046661329,11.518,0.0289,10.896,0.0281,10.781,0.0302,0.424522,139.224973
262,278.535882,9.5669416,18h34m08.61s,09d34m00.99s,0.0373,0.0313,-0.0142,10.598,0.016,67.5,20.85,10.612,0.018,59.2,11.88,1,0,,,5,59834.08395536,2788109001351064728,10.531,0.024,10.52,0.021,10.297,0.067,9.11,,1046661329,11.518,0.0289,10.896,0.0281,10.781,0.0302,0.532352,137.1426
263,278.5359014,9.5669204,18h34m08.62s,09d34m00.91s,0.037,0.0365,-0.0126,10.661,0.018,61.0,28.1,10.621,0.02,53.9,9.515,1,0,,,5,59834.14915233,2788109001351064728,10.531,0.024,10.52,0.021,10.297,0.067,9.11,,1046661329,11.518,0.0289,10.896,0.0281,10.781,0.0302,0.63514,137.27132
264,278.5359071,9.5669416,18h34m08.62s,09d34m00.99s,0.0352,0.0321,-0.0108,10.648,0.016,68.0,39.62,10.651,0.02,54.4,6.846,1,0,,,5,59834.27954618,2788109001351064728,10.531,0.024,10.52,0.021,10.297,0.067,9.11,,1046661329,11.518,0.0289,10.896,0.0281,10.781,0.0302,0.596545,130.856545
265,278.5358743,9.5669242,18h34m08.61s,09d34m00.93s,0.0361,0.035,-0.0135,10.664,0.019,56.6,24.63,10.643,0.019,55.8,8.607,1,0,,,5,59834.40994013,2788109001351064728,10.531,0.024,10.52,0.021,10.297,0.067,9.11,,1046661329,11.518,0.0289,10.896,0.0281,10.781,0.0302,0.563171,143.529031
266,278.535879,9.5669462,18h34m08.61s,09d34m01.01s,0.0397,0.0329,-0.0103,10.68,0.019,57.0,15.43,10.637,0.02,55.3,16.83,1,0,,,10,59834.5404614,2788109001351064728,10.531,0.024,10.52,0.021,10.297,0.067,9.11,,1046661329,11.518,0.0289,10.896,0.0281,10.781,0.0302,0.512985,136.75649
267,278.5359299,9.5669649,18h34m08.62s,09d34m01.07s,0.0375,0.0351,-0.0135,10.664,0.017,63.5,15.6,10.663,0.021,51.0,3.724,1,0,,,5,60033.58821076,2788109001351064728,10.531,0.024,10.52,0.021,10.297,0.067,9.11,,1046661329,11.518,0.0289,10.896,0.0281,10.781,0.0302,0.614025,119.929838
268,278.5359051,9.5669417,18h34m08.62s,09d34m00.99s,0.0381,0.0323,-0.0052,10.598,0.016,67.1,24.5,10.709,0.022,50.3,4.018,1,0,,,5,60033.71822299,2788109001351064728,10.531,0.024,10.52,0.021,10.297,0.067,9.11,,1046661329,11.518,0.0289,10.896,0.0281,10.781,0.0302,0.590952,131.280455
269,278.5358873,9.5669479,18h34m08.61s,09d34m01.01s,0.0371,0.0395,-0.011,10.665,0.019,58.5,18.97,10.623,0.022,50.0,3.196,1,0,,,5,60033.84772584,2788109001351064728,10.531,0.024,10.52,0.021,10.297,0.067,9.11,,1046661329,11.518,0.0289,10.896,0.0281,10.781,0.0302,0.529326,133.978331
270,278.535859,9.5669395,18h34m08.61s,09d34m00.98s,0.0372,0.0328,-0.012,10.616,0.016,65.8,14.84,10.66,0.021,52.8,3.829,1,0,,,5,60033.91279561,2788109001351064728,10.531,0.024,10.52,0.021,10.297,0.067,9.11,,1046661329,11.518,0.0289,10.896,0.0281,10.781,0.0302,0.486715,144.816585
271,278.5359281,9.566976,18h34m08.62s,09d34m01.11s,0.0389,0.039,0.0057,10.628,0.018,59.3,26.67,10.63,0.024,45.4,10.31,1,0,,,5,60033.97773801,2788109001351064728,10.531,0.024,10.52,0.021,10.297,0.067,9.11,,1046661329,11.518,0.0289,10.896,0.0281,10.781,0.0302,0.589383,116.871766
272,278.5359129,9.566951,18h34m08.62s,09d34m01.02s,0.0364,0.0314,0.0049,10.623,0.016,67.2,18.04,10.659,0.021,50.6,4.544,1,0,,,5,60034.04280778,2788109001351064728,10.531,0.024,10.52,0.021,10.297,0.067,9.11,,1046661329,11.518,0.0289,10.896,0.0281,10.781,0.0302,0.591272,127.068393
273,278.5358931,9.5669503,18h34m08.61s,09d34m01.02s,0.038,0.0396,-0.0189,10.646,0.017,62.3,19.47,10.639,0.023,47.1,5.763,1,0,,,10,60034.10775075,2788109001351064728,10.531,0.024,10.52,0.021,10.297,0.067,9.11,,1046661329,11.518,0.0289,10.896,0.0281,10.781,0.0302,0.538536,131.795238
274,278.5358582,9.5669244,18h34m08.61s,09d34m00.93s,0.0362,0.0353,-0.0089,10.629,0.018,60.7,22.91,10.661,0.02,54.7,2.689,1,0,,,5,60034.17269316,2788109001351064728,10.531,0.024,10.52,0.021,10.297,0.067,9.11,,1046661329,11.518,0.0289,10.896,0.0281,10.781,0.0302,0.530574,148.452059
275,278.5358661,9.5669532,18h34m08.61s,09d34m01.03s,0.0355,0.0349,0.0065,10.589,0.019,57.7,33.03,10.637,0.021,50.8,15.35,1,0,,,5,60034.17282047,2788109001351064728,10.531,0.024,10.52,0.021,10.297,0.067,9.11,,1046661329,11.518,0.0289,10.896,0.0281,10.781,0.0302,0.463531,138.746248
276,278.5358419,9.5669256,18h34m08.60s,09d34m00.93s,0.0354,0.0356,-0.0143,10.647,0.018,62.0,10.05,10.689,0.021,50.6,2.597,1,0,,,5,60034.23776287,2788109001351064728,10.531,0.024,10.52,0.021,10.297,0.067,9.11,,1046661329,11.518,0.0289,10.896,0.0281,10.781,0.0302,0.49885,153.864288
277,278.5359604,9.5669253,18h34m08.63s,09d34m00.93s,0.038,0.0395,-0.015,10.621,0.02,53.2,25.85,10.625,0.021,52.4,12.07,1,0,,,5,60034.30270532,2788109001351064728,10.531,0.024,10.52,0.021,10.297,0.067,9.11,,1046661329,11.518,0.0289,10.896,0.0281,10.781,0.0302,0.782081,125.030099
278,278.5359211,9.5669672,18h34m08.62s,09d34m01.08s,0.0391,0.0367,-0.0152,10.615,0.019,57.0,8.328,10.629,0.022,49.7,7.401,1,0,,,5,60034.4327175,2788109001351064728,10.531,0.024,10.52,0.021,10.297,0.067,9.11,,1046661329,11.518,0.0289,10.896,0.0281,10.781,0.0302,0.58288,120.756632
279,278.5358922,9.5669119,18h34m08.61s,09d34m00.88s,0.0451,0.0411,-0.0194,10.7,0.018,60.0,20.59,10.701,0.025,43.4,11.0,1,0,,,5,60034.56272966,2788109001351064728,10.531,0.024,10.52,0.021,10.297,0.067,9.11,,1046661329,11.518,0.0289,10.896,0.0281,10.781,0.0302,0.637033,141.29985
280,278.5358397,9.5669571,18h34m08.60s,09d34m01.05s,0.0354,0.0372,-0.0127,10.65,0.019,58.3,28.01,10.734,0.021,52.9,4.556,1,0,,,0,60034.69274179,2788109001351064728,10.531,0.024,10.52,0.021,10.297,0.067,9.11,,1046661329,11.518,0.0289,10.896,0.0281,10.781,0.0302,0.395932,147.638019
281,278.5359067,9.5669181,18h34m08.62s,09d34m00.91s,0.0395,0.0402,-0.012,10.662,0.02,53.1,37.43,10.678,0.021,51.6,25.29,1,0,,,5,60197.5235059,2788109001351064728,10.531,0.024,10.52,0.021,10.297,0.067,9.11,,1046661329,11.518,0.0289,10.896,0.0281,10.781,0.0302,0.654046,136.552736
282,278.535886,9.5669599,18h34m08.61s,09d34m01.06s,0.0428,0.0374,-0.0025,10.678,0.021,51.9,10.74,10.652,0.023,46.4,11.13,1,0,,,5,60197.65364506,2788109001351064728,10.531,0.024,10.52,0.021,10.297,0.067,9.11,,1046661329,11.518,0.0289,10.896,0.0281,10.781,0.0302,0.496791,130.760955
283,278.5358667,9.5669136,18h34m08.61s,09d34m00.89s,0.0372,0.0358,-0.015,10.671,0.019,58.3,15.81,10.617,0.02,53.1,11.26,1,0,,,5,60197.78314759,2788109001351064728,10.531,0.024,10.52,0.021,10.297,0.067,9.11,,1046661329,11.518,0.0289,10.896,0.0281,10.781,0.0302,0.579524,147.920913
284,278.5358706,9.5669484,18h34m08.61s,09d34m01.01s,0.0368,0.0381,-0.0065,10.66,0.019,55.9,33.31,10.639,0.02,53.2,9.951,1,0,,,5,60197.91265013,2788109001351064728,10.531,0.024,10.52,0.021,10.297,0.067,9.11,,1046661329,11.518,0.0289,10.896,0.0281,10.781,0.0302,0.487054,138.673857
285,278.5358874,9.5669309,18h34m08.61s,09d34m00.95s,0.0361,0.0339,-0.0135,10.68,0.017,62.8,24.19,10.724,0.02,54.3,15.88,1,0,,,5,60197.97746505,2788109001351064728,10.531,0.024,10.52,0.021,10.297,0.067,9.11,,1046661329,11.518,0.0289,10.896,0.0281,10.781,0.0302,0.573757,138.355809
286,278.5358987,9.5669647,18h34m08.62s,09d34m01.07s,0.0353,0.031,-0.0071,10.638,0.016,67.4,30.2,10.679,0.019,56.6,8.918,1,0,,,10,60198.04215265,2788109001351064728,10.531,0.024,10.52,0.021,10.297,0.067,9.11,,1046661329,11.518,0.0289,10.896,0.0281,10.781,0.0302,0.521396,126.082832
287,278.5358189,9.5669217,18h34m08.60s,09d34m00.92s,0.0353,0.0345,-0.0098,10.672,0.017,64.8,17.18,10.656,0.025,44.2,9.225,1,0,,,5,60198.23647006,2788109001351064728,10.531,0.024,10.52,0.021,10.297,0.067,9.11,,1046661329,11.518,0.0289,10.896,0.0281,10.781,0.0302,0.482083,163.354448
288,278.5358547,9.5669441,18h34m08.61s,09d34m01.00s,0.0379,0.0355,-0.0136,10.64,0.019,58.1,9.239,10.629,0.019,57.2,7.92,1,0,,,5,60198.30115763,2788109001351064728,10.531,0.024,10.52,0.021,10.297,0.067,9.11,,1046661329,11.518,0.0289,10.896,0.0281,10.781,0.0302,0.464396,145.178603
289,278.5358469,9.566937,18h34m08.60s,09d34m00.97s,0.0446,0.0386,-0.0099,10.693,0.022,50.3,20.58,10.665,0.021,50.8,9.359,1,0,,,5,60198.30128499,2788109001351064728,10.531,0.024,10.52,0.021,10.297,0.067,9.11,,1046661329,11.518,0.0289,10.896,0.0281,10.781,0.0302,0.471051,149.723555
290,278.53588,9.5669434,18h34m08.61s,09d34m01.00s,0.0382,0.0337,-0.0121,10.634,0.017,62.9,37.35,10.648,0.021,51.8,9.953,1,0,,,5,60198.36597316,2788109001351064728,10.531,0.024,10.52,0.021,10.297,0.067,9.11,,1046661329,11.518,0.0289,10.896,0.0281,10.781,0.0302,0.522772,137.229952
291,278.5358686,9.5669342,18h34m08.61s,09d34m00.96s,0.0366,0.0322,-0.0121,10.649,0.016,68.1,27.06,10.656,0.02,54.1,7.048,1,0,,,5,60198.62510545,2788109001351064728,10.531,0.024,10.52,0.021,10.297,0.067,9.11,,1046661329,11.518,0.0289,10.896,0.0281,10.781,0.0302,0.52222,142.966497
292,278.5358916,9.5669601,18h34m08.61s,09d34m01.06s,0.036,0.0332,-0.0118,10.629,0.016,67.7,14.07,10.681,0.019,56.0,7.635,1,0,,,5,60198.75460797,2788109001351064728,10.531,0.024,10.52,0.021,10.297,0.067,9.11,,1046661329,11.518,0.0289,10.896,0.0281,10.781,0.0302,0.511565,129.245972
293,278.5359444,9.5669269,18h34m08.63s,09d34m00.94s,0.0376,0.0336,-0.0142,10.666,0.016,68.4,11.47,10.657,0.02,53.0,5.452,1,0,,,5,60397.86112523,2788109001351064728,10.531,0.024,10.52,0.021,10.297,0.067,9.11,,1046661329,11.518,0.0289,10.896,0.0281,10.781,0.0302,0.732797,127.211004
294,278.5358972,9.5669564,18h34m08.62s,09d34m01.04s,0.0391,0.0356,-0.0098,10.653,0.016,67.4,14.54,10.585,0.024,45.4,4.655,1,0,,,5,60397.98973661,2788109001351064728,10.531,0.024,10.52,0.021,10.297,0.067,9.11,,1046661329,11.518,0.0289,10.896,0.0281,10.781,0.0302,0.535386,129.003967
295,278.5358733,9.5669287,18h34m08.61s,09d34m00.94s,0.0368,0.0359,-0.0094,10.629,0.019,56.3,21.73,10.658,0.021,51.1,4.342,1,0,,,5,60398.11834803,2788109001351064728,10.531,0.024,10.52,0.021,10.297,0.067,9.11,,1046661329,11.518,0.0289,10.896,0.0281,10.781,0.0302,0.548073,142.820776
296,278.5359144,9.5669299,18h34m08.62s,09d34m00.95s,0.0378,0.0361,-0.0172,10.599,0.02,54.1,40.61,10.661,0.02,54.7,4.47,1,0,,,5,60398.18252638,2788109001351064728,10.531,0.024,10.52,0.021,10.297,0.067,9.11,,1046661329,11.518,0.0289,10.896,0.0281,10.781,0.0302,0.64387,132.183008
297,278.5359262,9.5669496,18h34m08.62s,09d34m01.02s,0.0392,0.0361,-0.0032,10.665,0.02,55.4,9.542,10.665,0.021,51.8,6.566,1,0,,,5,60398.18265374,2788109001351064728,10.531,0.024,10.52,0.021,10.297,0.067,9.11,,1046661329,11.518,0.0289,10.896,0.0281,10.781,0.0302,0.632457,124.853971
298,278.5359178,9.566963,18h34m08.62s,09d34m01.07s,0.0365,0.0369,0.0039,10.625,0.018,61.1,29.96,10.694,0.021,51.4,8.395,1,0,,,5,60398.2468321,2788109001351064728,10.531,0.024,10.52,0.021,10.297,0.067,9.11,,1046661329,11.518,0.0289,10.896,0.0281,10.781,0.0302,0.580851,122.629575
299,278.5359333,9.5669517,18h34m08.62s,09d34m01.03s,0.0358,0.0317,-0.0137,10.628,0.015,72.5,19.78,10.67,0.02,54.8,4.08,1,0,,,5,60398.31164712,2788109001351064728,10.531,0.024,10.52,0.021,10.297,0.067,9.11,,1046661329,11.518,0.0289,10.896,0.0281,10.781,0.0302,0.649145,123.034743
300,278.5358687,9.5669358,18h34m08.61s,09d34m00.97s,0.0366,0.035,-0.0121,10.624,0.018,59.8,18.79,10.66,0.02,53.2,5.492,1,0,,,10,60398.37544347,2788109001351064728,10.531,0.024,10.52,0.021,10.297,0.067,9.11,,1046661329,11.518,0.0289,10.896,0.0281,10.781,0.0302,0.517851,142.551307
301,278.5358642,9.5669195,18h34m08.61s,09d34m00.91s,0.0375,0.0366,-0.008,10.612,0.017,65.6,28.37,10.645,0.024,45.0,5.836,1,0,,,10,60398.4402585,2788109001351064728,10.531,0.024,10.52,0.021,10.297,0.067,9.11,,1046661329,11.518,0.0289,10.896,0.0281,10.781,0.0302,0.556828,147.533961
302,278.5358542,9.5669751,18h34m08.61s,09d34m01.11s,0.0355,0.0343,-0.0115,10.646,0.018,61.5,21.37,10.644,0.022,50.3,9.973,1,0,,,5,60398.5040549,2788109001351064728,10.531,0.024,10.52,0.021,10.297,0.067,9.11,,1046661329,11.518,0.0289,10.896,0.0281,10.781,0.0302,0.37695,135.670164
303,278.535918,9.5669529,18h34m08.62s,09d34m01.03s,0.0355,0.0377,0.0074,10.653,0.019,57.8,27.12,10.706,0.02,53.6,10.41,1,0,,,5,60398.5687425,2788109001351064728,10.531,0.024,10.52,0.021,10.297,0.067,9.11,,1046661329,11.518,0.0289,10.896,0.0281,10.781,0.0302,0.601819,125.50964
304,278.535897,9.5669409,18h34m08.62s,09d34m00.99s,0.0355,0.0335,-0.012,10.619,0.018,61.9,29.76,10.65,0.022,49.5,7.768,1,0,,,10,60398.69735392,2788109001351064728,10.531,0.024,10.52,0.021,10.297,0.067,9.11,,1046661329,11.518,0.0289,10.896,0.0281,10.781,0.0302,0.571637,133.399311
305,278.5358924,9.5669395,18h34m08.61s,09d34m00.98s,0.0361,0.0331,-0.0124,10.677,0.018,61.6,30.16,10.649,0.022,49.1,13.61,1,0,,,10,60398.8259653,2788109001351064728,10.531,0.024,10.52,0.021,10.297,0.067,9.11,,1046661329,11.518,0.0289,10.896,0.0281,10.781,0.0302,0.563431,134.912823
306,278.5358795,9.5669601,18h34m08.61s,09d34m01.06s,0.0409,0.0403,-0.0147,10.662,0.02,54.8,19.76,10.611,0.023,46.4,6.11,1,0,,,5,60398.95444936,2788109001351064728,10.531,0.024,10.52,0.021,10.297,0.067,9.11,,1046661329,11.518,0.0289,10.896,0.0281,10.781,0.0302,0.479065,132.497807
307,278.5359165,9.5669555,18h34m08.62s,09d34m01.04s,0.0444,0.0458,-0.0081,10.572,0.023,47.2,16.37,10.647,0.022,49.2,6.871,1,0,,,5,60402.36201523,2788109001351064728,10.531,0.024,10.52,0.021,10.297,0.067,9.11,,1046661329,11.518,0.0289,10.896,0.0281,10.781,0.0302,0.592062,125.071614
308,278.5359508,9.5669346,18h34m08.63s,09d34m00.96s,0.0397,0.0392,-0.0174,10.58,0.021,52.1,31.63,10.735,0.024,45.3,17.31,1,0,,,5,60402.36214259,2788109001351064728,10.531,0.024,10.52,0.021,10.297,0.067,9.11,,1046661329,11.518,0.0289,10.896,0.0281,10.781,0.0302,0.734998,124.417893
