objID,uniquePspsP2id,detectID,ippObjID,ippDetectID,filterID,surveyID,imageID,randomDetID,dvoRegionID,obsTime,xPos,yPos,xPosErr,yPosErr,pltScale,posAngle,ra,dec,raErr,decErr,extNSigma,zp,telluricExt,expTime,airMass,psfFlux,psfFluxErr,psfMajorFWHM,psfMinorFWHM,psfTheta,psfCore,psfQf,psfQfPerfect,psfChiSq,psfLikelihood,momentXX,momentXY,momentYY,momentR1,momentRH,momentM3C,momentM3S,momentM4C,momentM4S,apFlux,apFluxErr,apFillF,apRadius,kronFlux,kronFluxErr,kronRad,sky,skyErr,infoFlag,infoFlag2,infoFlag3,processingVersion
119482785358220897,3074172660000227,171230538660000226,113258287683811,226,3,0,38953666,0.445428634477247,26370,55813.3056486,2341.110107421875,4438.759765625,0.0029190999921411276,0.0028805399779230356,-0.2553820013999939,-16.038799285888672,278.53579026,9.56699081,0.0007454860024154186,0.0007356380228884518,28.760799407958984,24.613100051879883,-0.03038799948990345,45.0,1.102620005607605,0.02274389937520027,2.4425600713584572e-05,1.3598300218582153,1.323330044746399,1.2197799682617188,0.19914400577545166,0.4221700131893158,0.09108869731426239,3.704390048980713,0.0,0.33320900797843933,-0.07650130242109299,0.4136210083961487,1.1092000007629395,0.7959499955177307,0.004518540110439062,0.26197999715805054,0.009798879735171795,-0.026668600738048553,0.007418530061841011,9.612569556338713e-06,0.6609349846839905,3.0645899772644043,0.0084874602034688,1.000340034806868e-05,2.7729899883270264,7.690679922234267e-05,3.830849891528487e-06,639631493,160,0,3
119482785358220897,3074247660000104,171231677660000103,113258287683811,103,3,0,38955266,0.444573059160796,26370,55813.3170316,2339.77001953125,4438.52001953125,0.0035643200390040874,0.0032920099329203367,-0.2553820013999939,-16.0393009185791,278.5357948,9.5669856,0.000910261005628854,0.000840717984829098,7.665780067443848,24.571500778198242,-0.07044000178575516,45.0,1.137969970703125,0.02235429920256138,1.9724600861081854e-05,2.0078001022338867,1.919659972190857,36.43989944458008,0.3050839900970459,0.6500710248947144,0.19249099493026733,8.279350280761719,1.7774600151107545e-14,0.7478479743003845,-0.014948200434446335,0.7966600060462952,1.8483099937438965,1.1143399477005005,-0.047596100717782974,0.1821029931306839,0.017734799534082413,-0.012054200284183025,0.012937700375914574,1.2668499948631506e-05,0.7970970273017883,4.852250099182129,0.015125799924135208,1.4573200132872444e-05,4.620779991149902,8.592689846409485e-05,4.249970061209751e-06,102760581,160,0,3
119482785358220897,3074309750000029,160959785750000028,113258287683811,28,4,0,34202275,0.113775708818599,26370,55710.5980418,3149.9599609375,1440.3900146484375,0.002354240044951439,0.002354240044951439,-0.2554520070552826,13.833000183105469,278.53579542,9.56699971,0.000601397012360394,0.000601397012360394,13.731399536132812,24.230499267578125,-0.023802999407052994,30.0,1.137470006942749,0.021534999832510948,2.382829916314222e-05,0.9172139763832092,0.8898950219154358,-11.58080005645752,-0.032602500170469284,0.997514009475708,0.22077399492263794,55.64080047607422,0.0,0.31962600350379944,0.0025401900056749582,0.3379710018634796,1.0897300243377686,0.8743109703063965,0.0009722820250317454,-0.040684498846530914,0.005425860174000263,0.0009985100477933884,0.02597540058195591,2.638929981912952e-05,0.830590009689331,2.0436201095581055,0.02553120069205761,2.4513199605280533e-05,2.724329948425293,4.2760500946315005e-05,5.0217900025018025e-06,103825415,160,34880,3
119482785358220897,3074433750000031,160960780750000030,113258287683811,30,4,0,34204275,0.267711707640171,26370,55710.6079762,3148.139892578125,1440.6700439453125,0.002189160091802478,0.002189160091802478,-0.25547099113464355,13.832500457763672,278.53579897,9.56699579,0.0005592679954133928,0.0005592679954133928,10.160699844360352,24.234500885009766,-0.018573999404907227,30.0,1.1748900413513184,0.02435149997472763,2.5055400328710675e-05,1.0811200141906738,0.9564849734306335,-35.412601470947266,0.1203019991517067,0.9975230097770691,0.09700310230255127,24.79490089416504,2.970239985152142e-24,0.43333899974823,-0.01839900016784668,0.42368701100349426,1.2007999420166016,0.9305400252342224,0.0001055550019373186,-0.033188801258802414,0.003558459924533963,0.00016026500088628381,0.027883699163794518,2.711910019570496e-05,0.8785349726676941,2.5547099113464355,0.026873499155044556,2.5228000595234334e-05,3.002000093460083,4.3362098949728534e-05,5.024180154578062e-06,640696327,160,34880,3
119482785358220897,3074547300000056,167824675300000055,113258287683811,55,4,0,37301430,0.861705370118567,26370,55779.2469417,3138.679931640625,3479.25,0.0033802299294620752,0.0034972699359059334,-0.2554369866847992,-46.052398681640625,278.53580335,9.56698948,0.0008634349796921015,0.000893332005944103,1.1613399982452393,24.260099411010742,0.007277000229805708,30.0,1.1834700107574463,0.029364600777626038,2.731280073930975e-05,1.7041800022125244,1.6297099590301514,65.13999938964844,0.4777739942073822,0.999396026134491,0.999396026134491,5.908760070800781,0.24550500512123108,0.3750999867916107,0.004045079927891493,0.3905789852142334,1.5490700006484985,1.06141996383667,-0.00170051003806293,0.011707399971783161,0.00020600800053216517,0.0005742199718952179,0.030240099877119064,2.768420017673634e-05,0.9238449931144714,4.086989879608154,0.02848449908196926,2.7059100830229e-05,3.8726799488067627,0.00010283099982189015,6.689109795843251e-06,102760517,128,2112,3
119482785358220897,3074631300000051,167825285300000050,113258287683811,50,4,0,37302730,0.649085743025956,26370,55779.2530352,3141.0400390625,3480.169921875,0.0026984699070453644,0.0028013898991048336,-0.25544899702072144,-46.0525016784668,278.53579694,9.56699141,0.0006893189856782556,0.0007156130159273744,0.8019229769706726,24.266799926757812,0.011090000160038471,30.0,1.1588499546051025,0.029138000681996346,2.650640089996159e-05,1.333340048789978,1.2643200159072876,64.7739028930664,0.6861159801483154,0.9975550174713135,0.9975550174713135,6.0649800300598145,0.4225980043411255,0.2395620048046112,0.00402410002425313,0.24997499585151672,1.3349299430847168,0.9564250111579895,0.0022976200561970472,0.002395489951595664,-0.0033215300645679235,-0.00021652699797414243,0.02995770052075386,2.7767500796471722e-05,0.9097260236740112,3.3208301067352295,0.02797739952802658,2.566799958003685e-05,3.3373100757598877,6.330500036710873e-05,5.3695998758485075e-06,639631429,128,2112,3
119482785358220897,3074735750000011,171825152750000010,113258287683811,10,4,0,39270575,0.628636663433757,26370,55819.2517074,3186.43994140625,1434.47998046875,0.00256252009421587,0.00256252009421587,-0.2554109990596771,13.838199615478516,278.53579177,9.56700174,0.0006544949719682336,0.0006544949719682336,15.736000061035156,24.229900360107422,-0.02711700089275837,30.0,1.0328500270843506,0.020090000703930855,2.4196100639528595e-05,0.8275629878044128,0.773855984210968,87.78130340576172,0.30492499470710754,0.9359679818153381,0.5131880044937134,65.84629821777344,0.0,0.32414698600769043,0.007276779972016811,0.362076997756958,1.2206799983978271,0.9111890196800232,-0.021470099687576294,-0.020415600389242172,0.005700009874999523,0.003033840097486973,0.0217438992112875,2.4200300686061382e-05,0.7957749962806702,2.04328989982605,0.024517299607396126,2.458400012983475e-05,3.0517098903656006,6.380749982781708e-05,5.984149993309984e-06,640696327,160,34880,3
119482785358220897,3074889750000018,171826317750000017,113258287683811,17,4,0,39272775,0.790926344497992,26370,55819.2633563,3180.719970703125,1432.5400390625,0.0025130899157375097,0.0025130899157375097,-0.25541800260543823,13.835599899291992,278.53579108,9.56700644,0.0006418889970518649,0.0006418889970518649,14.659199714660645,24.231300354003906,-0.025252999737858772,30.0,1.047719955444336,0.020351599901914597,2.403839971520938e-05,0.8673419952392578,0.8146960139274597,-67.15889739990234,0.025338899344205856,0.9405789971351624,0.4307340085506439,64.95500183105469,0.0,0.3089750111103058,0.004563840106129646,0.34357699751853943,1.220639944076538,0.9297009706497192,-0.016428200528025627,-0.025930000469088554,0.007665730081498623,0.00038488098653033376,0.021710500121116638,2.4063199816737324e-05,0.8256160020828247,2.0433499813079834,0.024541400372982025,2.4580300305387937e-05,3.0515999794006348,6.541069888044149e-05,5.8805599110201e-06,103825415,160,34880,3
119482785358220897,3075052750000034,165846875750000033,113258287683811,33,5,0,36367175,0.270179125731978,26370,55759.4689242,3141.830078125,1439.1700439453125,0.002451759995892644,0.0024520899169147015,-0.2554819881916046,13.833900451660156,278.53579438,9.56699071,0.0006263789837248623,0.0006264640251174569,2.503809928894043,23.2544002532959,-0.05439700186252594,30.0,1.154270052909851,0.03092700056731701,4.411569898365997e-05,0.9019479751586914,0.776515007019043,-43.125301361083984,0.10940700024366379,0.997747004032135,0.2918510138988495,4.429850101470947,0.012286299839615822,0.09145510196685791,-0.007322640158236027,0.09234260022640228,1.3967499732971191,0.7275369763374329,0.00478733005002141,-0.003607319900766015,-0.0061222100630402565,-0.0006904570036567748,0.03256480023264885,4.636550147552043e-05,0.8455110192298889,2.0438499450683594,0.03347739949822426,4.868170071858913e-05,3.4918699264526367,0.0002460799878463149,1.6259800759144127e-05,102760517,160,34880,3
119482785358220897,3075153750000033,165847810750000032,113258287683811,32,5,0,36368975,0.925416884874382,26370,55759.4782842,3142.340087890625,1443.1400146484375,0.002606289926916361,0.002729899948462844,-0.255484014749527,13.833000183105469,278.53579929,9.56699091,0.0006658650236204267,0.0006974469870328903,0.9778559803962708,23.264799118041992,-0.0447859987616539,30.0,1.1923099756240845,0.032497599720954895,4.507460107561201e-05,0.9956290125846863,0.8417389988899231,-51.84040069580078,0.21677899360656738,0.997759997844696,0.9321169853210449,45.554100036621094,0.32814499735832214,0.10239700227975845,-0.008504999801516533,0.10812100023031235,1.2581700086593628,0.7575209736824036,0.006230169907212257,-0.0025277300737798214,0.0003950769896619022,-0.0010486800456419587,0.032916199415922165,4.674830051953904e-05,0.8455110192298889,2.043869972229004,0.03234640136361122,4.7065801481949165e-05,3.1454200744628906,0.00025292299687862396,1.6753900126786903e-05,102760517,128,7374912,3
119482785358220897,3075276750000023,171428312750000022,113258287683811,22,5,0,39067575,0.851622038382685,26370,55815.2833086,3159.1298828125,1422.3499755859375,0.003136740066111088,0.003136740066111088,-0.2554529905319214,13.834099769592285,278.53579546,9.56699365,0.0008012920152395964,0.0008012920152395964,4.865220069885254,23.282800674438477,-0.03265000134706497,30.0,1.063289999961853,0.02815680019557476,4.1510600567562506e-05,0.7903329730033875,0.6951929926872253,-44.11149978637695,0.03233280032873154,0.9979590177536011,0.1578270047903061,17.29800033569336,1.1432799738031463e-06,0.07607640326023102,-0.004685120191425085,0.07931990176439285,1.3832800388336182,0.6939200162887573,-9.431850048713386e-05,-0.0024886000901460648,0.0027195799630135298,-0.0005164999747648835,0.031383901834487915,4.516119952313602e-05,0.8379999995231628,1.7881699800491333,0.03277140110731125,4.61646995972842e-05,3.458209991455078,0.00019215300562791526,1.4257099792303052e-05,102776839,160,34880,3
119482785358220897,3075423750000032,171429461750000031,113258287683811,31,5,0,39069775,0.53437813141791,26370,55815.2948015,3155.409912109375,1421.6099853515625,0.0030764900147914886,0.0030764900147914886,-0.25546199083328247,13.832500457763672,278.53579909,9.56698725,0.0007859240286052227,0.0007859240286052227,3.886399984359741,23.284799575805664,-0.02878900058567524,30.0,1.0886499881744385,0.0290290005505085,4.1974399209721014e-05,0.8270249962806702,0.7049890160560608,-45.93149948120117,0.06840279698371887,0.9990630149841309,0.09073220193386078,14.722399711608887,0.00010174100316362455,0.0776119977235794,-0.006669740192592144,0.08330629765987396,1.1201399564743042,0.6937100291252136,0.00419706990942359,-0.007198079954832792,0.006866130046546459,-0.0007120270165614784,0.03142480179667473,4.524820178630762e-05,0.8120149970054626,1.7882299423217773,0.03154750168323517,4.392199844005518e-05,2.8003599643707275,0.0002009780000662431,1.4341900168801658e-05,102776839,160,34880,3
119482785358220897,3075554750000050,165044582750000049,113258287683811,49,1,0,35948375,0.164772926983212,26370,55751.4460743,3164.080078125,1445.8499755859375,0.0032345401123166084,0.0029982898849993944,-0.25547000765800476,13.839200019836426,278.5358025,9.56699389,0.0008263280033133924,0.0007659710245206952,0.10271500051021576,24.483699798583984,-0.07937300205230713,43.0,1.0433100461959839,0.00811672955751419,1.0056600331154186e-05,1.2740399837493896,1.0651099681854248,33.00910186767578,0.18721699714660645,0.9984970092773438,0.557673990726471,1.9506700038909912,0.9181889891624451,0.1783740073442459,0.013523699715733528,0.1650719940662384,1.1723400354385376,0.8571869730949402,-0.0034352000802755356,0.003519359976053238,-0.0064743198454380035,0.0015872300136834383,0.00823293998837471,1.0978499631164595e-05,0.8970549702644348,2.8101699352264404,0.007764880079776049,9.824069820751902e-06,2.930840015411377,8.354950296052266e-06,1.9129599877487635e-06,102760517,160,34880,3
119482785358220897,3075662750000055,165045615750000054,113258287683811,54,1,0,35950175,0.412193953443499,26370,55751.4564171,3158.659912109375,1446.5799560546875,0.003851620014756918,0.003659779904410243,-0.2554599940776825,13.837400436401367,278.53580114,9.56699074,0.0009839379927143455,0.0009349280153401196,0.549564003944397,24.480199813842773,-0.07498999685049057,43.0,1.0600500106811523,0.008158070035278797,1.0180199751630425e-05,1.479580044746399,1.3496999740600586,27.55299949645996,0.16115500032901764,0.9992430210113525,0.8348060250282288,1.974429965019226,0.5826190114021301,0.2577889859676361,0.00962672010064125,0.24464599788188934,1.3241599798202515,0.9426910281181335,-0.0027644699439406395,0.0021463900338858366,0.0027238400653004646,0.0015404600417241454,0.008301439695060253,1.100329973269254e-05,0.904075026512146,3.3209900856018066,0.00781633984297514,9.903409591061063e-06,3.3104000091552734,6.134970135462936e-06,1.8237500398754491e-06,102760517,128,34880,3
119482785358220897,3075766500000044,165035703500000043,113258287683811,43,2,0,35935050,0.781826315244498,26370,55751.3572747,1706.8800048828125,2319.6201171875,0.002388780005276203,0.002523199887946248,-0.25542500615119934,103.93199920654297,278.5357925,9.56698751,0.0006101540056988597,0.0006444880273193121,1.5260499715805054,24.713199615478516,-0.052981000393629074,40.0,1.0761799812316895,0.015683399513363838,1.3130200386513025e-05,1.44746994972229,1.361799955368042,-74.88809967041016,0.10255700349807739,0.9987180233001709,0.35649800300598145,3.9022200107574463,0.12699900567531586,0.24103400111198425,-0.004858079832047224,0.25577399134635925,1.3078900575637817,0.9354919791221619,-0.0050870799459517,-0.0024834999348968267,0.0018739900551736355,0.0013492399593815207,0.016548799350857735,1.4447199646383524e-05,0.904075026512146,3.3205299377441406,0.015600799582898617,1.3022499842918478e-05,3.2697200775146484,2.5536299290251918e-05,2.382299953751499e-06,102760517,160,2112,3
119482785358220897,3075894500000051,165036685500000050,113258287683811,50,2,0,35936650,0.110540963812304,26370,55751.3670937,1707.5899658203125,2319.010009765625,0.002439140109345317,0.002607859903946519,-0.25542300939559937,103.93099975585938,278.53579608,9.56699186,0.0006230139988474548,0.0006661069928668439,0.993973970413208,24.721200942993164,-0.046658001840114594,40.0,1.05663001537323,0.016220100224018097,1.3265400411910377e-05,1.5305800437927246,1.4370399713516235,-89.17900085449219,0.037726499140262604,0.9984719753265381,0.3355950117111206,3.270740032196045,0.320235013961792,0.2590729892253876,-0.0009588209795765579,0.27892398834228516,1.3297300338745117,0.955951988697052,-0.0009760819957591593,-0.006475789938122034,0.0013420600444078445,0.0004623300046660006,0.0167130995541811,1.440130017726915e-05,0.9143289923667908,3.5759201049804688,0.015744000673294067,1.3021999620832503e-05,3.3243401050567627,2.397619937255513e-05,2.33409991778899e-06,639631429,160,2112,3
119482785358220897,3083943660000413,198553038660000412,113258287683811,412,3,0,49560266,0.949300587130059,26370,56086.5306515,1144.0899658203125,4624.4501953125,0.0029024300165474415,0.002999749965965748,-0.2554810047149658,-4.634799957275391,278.53579587,9.56698411,0.000741516996640712,0.0007663799915462732,34.79199981689453,24.62470054626465,-0.02489900030195713,45.0,1.0461599826812744,0.023684900254011154,3.407190160942264e-05,0.9525290131568909,0.8494979739189148,53.25740051269531,-0.11773400008678436,0.22773900628089905,0.19592100381851196,7.350510120391846,0.0,0.12459699809551239,0.05431370064616203,0.14485999941825867,1.1719000339508057,0.7133039832115173,-0.0658382996916771,-0.08761219680309296,-0.0030669199768453836,0.0007208500173874199,0.003406449919566512,6.494300123449648e-06,0.5769370198249817,2.0438499450683594,0.0055667501874268055,8.439459634246305e-06,2.9297399520874023,6.923379987711087e-05,3.6778199046239024e-06,639631493,160,32768,3
119482785358220897,3084118660000435,198554141660000434,113258287683811,434,3,0,49561966,0.449223653831727,26370,56086.5416751,1136.4200439453125,4620.72021484375,0.002954710042104125,0.0028239900711923838,-0.2554920017719269,-4.636980056762695,278.53580112,9.56698416,0.0007549049914814532,0.0007215060177259147,28.428600311279297,24.624099731445312,-0.024653999134898186,45.0,1.0651799440383911,0.022527700290083885,3.2670701330062e-05,0.9475299715995789,0.8632040023803711,58.96419906616211,-0.07418440282344818,0.25265899300575256,0.21987199783325195,7.65162992477417,0.0,0.07652740180492401,0.006174949929118156,0.17422200739383698,1.082509994506836,0.6880339980125427,0.08992899954319,-0.02018130011856556,0.0027913700323551893,0.005173080135136843,0.003251069923862815,6.347010184981627e-06,0.5769370198249817,2.0439400672912598,0.00545899011194706,8.229339982790407e-06,2.7062599658966064,7.055889727780595e-05,3.6054800602869364e-06,639631493,160,32768,3
119482785358220897,3084324500000040,192657759500000039,113258287683811,39,4,0,47391150,0.253454974157228,26370,56027.5777686,2505.6201171875,3248.68994140625,0.0023042599204927683,0.0023042599204927683,-0.25552400946617126,115.3239974975586,278.53578409,9.56697791,0.0005887920269742608,0.0005887920269742608,8.94711971282959,24.25200080871582,-0.012103999964892864,30.0,1.1419199705123901,0.022748500108718872,2.4636599846417084e-05,1.0385299921035767,0.9298380017280579,66.6854019165039,-0.008599339984357357,0.9988459944725037,0.11566100269556046,20.4862003326416,3.64866007775902e-19,0.32807499170303345,0.015161500312387943,0.35707300901412964,1.0538400411605835,0.8747699856758118,0.04535660147666931,-0.0032442600931972265,0.0028208200819790363,-0.00010371400276198983,0.025644099339842796,2.584630055935122e-05,0.856685996055603,2.2997100353240967,0.024521300569176674,2.4857499738573097e-05,2.6345999240875244,0.00011767900286940858,7.1966701398196165e-06,103825415,160,34880,3
119482785358220897,3084502500000044,192658965500000043,113258287683811,43,4,0,47393450,0.638289785607057,26370,56027.5898336,2505.919921875,3247.010009765625,0.002071320079267025,0.002071320079267025,-0.2555299997329712,115.322998046875,278.53579857,9.56698105,0.000529283017385751,0.000529283017385751,3.5364999771118164,24.264299392700195,-0.0010890000266954303,30.0,1.1039199829101562,0.026959100738167763,2.6245199478580616e-05,1.2532299757003784,1.1504299640655518,-83.37419891357422,0.11334999650716782,0.9977989792823792,0.19416199624538422,4.560299873352051,0.0004054600140079856,0.49213701486587524,0.013242299668490887,0.5264109969139099,1.132040023803711,0.8543999791145325,0.0778312012553215,0.02488970011472702,-0.002093580085784197,0.001423759968020022,0.027919400483369827,2.6746800358523615e-05,0.8917940258979797,2.8108301162719727,0.02625030092895031,2.565549948485568e-05,2.8301100730895996,0.00011698500020429492,7.182829904195387e-06,103825415,160,34880,3
119482785358220897,3084662500000050,192660216500000049,113258287683811,49,5,0,47395650,0.880643476620916,26370,56027.6023411,2492.340087890625,3241.820068359375,0.0032660099677741528,0.003271939931437373,-0.25554099678993225,115.3239974975586,278.53579506,9.56698487,0.0008346000104211271,0.0008361160289496183,0.7248740196228027,23.242599487304688,-0.07433599978685379,30.0,1.0729899406433105,0.03177259862422943,4.568209988065064e-05,1.2178900241851807,0.9954969882965088,46.25210189819336,0.04304330050945282,0.997793972492218,0.3205060064792633,9.72482967376709,0.46852898597717285,0.14664100110530853,0.016681600362062454,0.14802700281143188,1.2881799936294556,0.822272002696991,0.006806369870901108,0.007968840189278126,-0.00043318798998370767,0.0025902900379151106,0.032327800989151,4.62259013147559e-05,0.8753520250320435,2.5554099082946777,0.03160269930958748,4.7098099457798526e-05,3.2204599380493164,0.0002244909992441535,1.603579949005507e-05,102760517,160,34880,3
119482785358220897,3084798500000044,192661415500000043,113258287683811,43,5,0,47398050,0.143412849999417,26370,56027.6143332,2490.43994140625,3242.489990234375,0.003053579945117235,0.003013970097526908,-0.25557398796081543,115.322998046875,278.53579872,9.56698447,0.0007804150227457285,0.00077029102249071,-0.2688960134983063,23.232999801635742,-0.08557400107383728,30.0,1.050510048866272,0.03247449919581413,4.573940168484114e-05,1.1145399808883667,0.9457740187644958,42.70920181274414,0.09095419943332672,0.9987990260124207,0.2742049992084503,2.8405001163482666,-0.7880100011825562,0.125573992729187,0.011001399718225002,0.12402000278234482,1.392490029335022,0.7739329934120178,0.007030250038951635,0.003803220111876726,0.00566510995849967,0.0006135919829830527,0.032575398683547974,4.6819499402772635e-05,0.8527560234069824,2.3001599311828613,0.03259170055389404,4.8712900024838746e-05,3.4812300205230713,0.00022135200561024249,1.5530500604654662e-05,102760517,160,34880,3
119482785358220897,3084926500000041,198837909500000040,113258287683811,40,1,0,49716650,0.587643269065435,26370,56089.3793473,2515.830078125,3265.699951171875,0.0032562098931521177,0.0035094900522381067,-0.2555690109729767,115.3280029296875,278.53579708,9.5669888,0.0008321849745698273,0.0008969160262495279,-0.003999659791588783,24.437000274658203,-0.08878999948501587,43.0,1.276229977607727,0.008098079822957516,1.0351100172556471e-05,1.373420000076294,1.2788599729537964,-82.48739624023438,-0.22553600370883942,0.99931800365448,0.99931800365448,2.4028100967407227,-0.9968090057373047,0.19099000096321106,-0.0042494297958910465,0.20948399603366852,1.1591700315475464,0.8691949844360352,0.005501879844814539,-0.02041889913380146,-0.0025629200972616673,0.0013110600411891937,0.00815774966031313,1.1076000191678759e-05,0.8930360078811646,3.0668299198150635,0.007697289809584618,1.0076900252897758e-05,2.8979299068450928,7.324859780055704e-06,1.6977199948087218e-06,102760517,128,7374912,3
119482785358220897,3085041500000047,198838931500000046,113258287683811,46,1,0,49718150,0.208932765022789,26370,56089.3895714,2514.0400390625,3266.840087890625,0.0030301199294626713,0.003337640082463622,-0.25554999709129333,115.3280029296875,278.53579427,9.56698678,0.0007743469905108213,0.000852932978887111,0.14083799719810486,24.440099716186523,-0.09378299862146378,43.0,1.2213499546051025,0.00794542022049427,1.0210999789705966e-05,1.2878400087356567,1.1763499975204468,88.66179656982422,-0.20523299276828766,0.9983680248260498,0.3224929869174957,3.4387099742889404,0.8879979848861694,0.1647299975156784,-0.0002638449950609356,0.18485000729560852,1.084939956665039,0.840798020362854,0.002764160046353936,-0.020340200513601303,-0.005846560001373291,-2.3284399503609166e-05,0.008015739731490612,1.0986200322804507e-05,0.8944240212440491,2.8110499382019043,0.007551679853349924,9.92836976365652e-06,2.7123498916625977,6.9767497734574135e-06,1.7092900179704884e-06,102760517,160,34880,3
119482785358220897,3085167750000331,198851010750000330,113258287683811,330,2,0,49738075,0.619156522321661,26370,56089.5103377,2216.280029296875,2226.85009765625,0.0026355599984526634,0.0026355599984526634,-0.25552600622177124,25.237199783325195,278.53577843,9.56702279,0.0006734540220350027,0.0006734540220350027,21.943700790405273,24.697599411010742,-0.07259000092744827,40.0,1.0313600301742554,0.006800619885325432,8.424000043305568e-06,1.0034799575805664,0.862296998500824,38.814300537109375,-0.16106900572776794,0.9986220002174377,0.34575098752975464,169.76499938964844,0.0,0.16187499463558197,0.010500900447368622,0.13974599540233612,1.3695399761199951,0.7954009771347046,0.01121480017900467,-0.041811201721429825,-0.0029602700378745794,0.0008946799789555371,0.010323699563741684,1.160789997811662e-05,0.8504840135574341,2.0442099571228027,0.010848499834537506,1.1061099939979613e-05,3.4238500595092773,2.039520040852949e-05,2.218630015704548e-06,639647751,160,34880,3
119482785358220897,3085341750000232,198852013750000231,113258287683811,231,2,0,49739675,0.318440967536011,26370,56089.5203738,2211.169921875,2227.68994140625,0.0023928899317979813,0.0023928899317979813,-0.25553199648857117,25.235700607299805,278.53578177,9.5670147,0.0006114600109867752,0.0006114600109867752,16.953100204467773,24.696800231933594,-0.07242699712514877,40.0,1.043220043182373,0.008829480037093163,9.93013964034617e-06,1.0470399856567383,1.0111299753189087,47.450199127197266,-0.14938899874687195,0.9986860156059265,0.3550969958305359,123.8489990234375,0.0,0.17154300212860107,0.0026951399631798267,0.15960699319839478,1.222499966621399,0.8369399905204773,0.011897999793291092,-0.033626098185777664,-0.0037318000104278326,-0.0008882919792085886,0.012108099646866322,1.2528399565781001e-05,0.8724049925804138,2.2997899055480957,0.012099100276827812,1.1511900083860382e-05,3.056260108947754,2.136429975507781e-05,2.270739969389979e-06,639647751,160,34880,3
119482785358220897,3088142560000067,198952964560000066,113258287683811,66,3,0,49798156,0.486844272806164,26370,56090.5299126,953.2680053710938,2746.68994140625,0.0015312499599531293,0.001795029966160655,-0.2560479938983917,-1.0390499830245972,278.53579259,9.56698814,0.000392074987757951,0.0004596149956341833,-16.16469955444336,24.610700607299805,-0.031019000336527824,45.0,1.0635099411010742,0.025631599128246307,2.2715499653713778e-05,1.1116700172424316,1.0058200359344482,-63.84000015258789,-0.21497200429439545,0.5218799710273743,0.4392220079898834,4.962039947509766,-0.0,0.6026219725608826,-0.008299149572849274,0.6368979811668396,1.0233399868011475,1.1347700357437134,0.0635572001338005,-0.00401319982483983,-0.002675429917871952,0.014315299689769745,0.009028229862451553,1.0597499567666091e-05,0.7584419846534729,2.3044400215148926,0.012190000154078007,1.138239986175904e-05,2.558350086212158,3.844370075967163e-05,2.7276400942355394e-06,640680069,160,32768,3
119482785358220897,3088271560000010,198954126560000009,113258287683811,9,3,0,49799556,0.933806049575849,26370,56090.5415282,950.85498046875,2742.719970703125,0.0014996499521657825,0.0017098300158977509,-0.25605300068855286,-1.0402100086212158,278.5357935,9.56699143,0.0003839900018647313,0.00043780601117759943,-7.656919956207275,24.60770034790039,-0.03293300047516823,45.0,1.0892599821090698,0.024968300014734268,2.1648100300808437e-05,1.1017099618911743,1.0110100507736206,-69.63249969482422,-0.1939920037984848,0.5515570044517517,0.23733699321746826,6.814990043640137,-1.9043999301246624e-14,0.5605940222740173,0.006306820083409548,0.5993419885635376,1.0291800498962402,1.1178900003433228,0.018927499651908875,-0.0028896599542349577,-0.002402300015091896,-0.005031889770179987,0.01003270037472248,1.1187399650225416e-05,0.7741609811782837,2.3044800758361816,0.013321200385689735,1.1830799849121831e-05,2.5729401111602783,3.289529922767542e-05,2.6164700557274045e-06,103809157,160,32768,3
119482785358220897,3088408460000082,209726476460000081,113258287683811,81,4,0,52235646,0.290679132836572,26370,56198.2649463,814.7540283203125,3994.840087890625,0.002695030067116022,0.00261872005648911,-0.2561030089855194,-21.909700393676758,278.53579083,9.5669866,0.0006902060122229159,0.0006706630229018629,2.8372700214385986,23.952499389648438,-0.3266040086746216,30.0,1.1447999477386475,0.027497699484229088,3.678580105770379e-05,1.1653200387954712,0.9809420108795166,-38.15769958496094,0.05948289856314659,0.8188199996948242,0.8188199996948242,2.0942699909210205,0.004550070036202669,0.17809799313545227,-0.011951499618589878,0.17225100100040436,1.0845600366592407,0.6801429986953735,-0.01656150072813034,-0.0030947199556976557,-0.0022045199293643236,0.0035360900219529867,0.018341999500989914,2.5235700377379544e-05,0.8173879981040955,2.3049299716949463,0.02150540053844452,3.14999015245121e-05,2.7114100456237793,0.0005044679855927825,1.6137999409693293e-05,102760581,128,0,3
119482785358220897,3088482460000080,209727520460000079,113258287683811,79,4,0,52237746,0.623301114536171,26370,56198.2753915,815.051025390625,3996.77001953125,0.004458160139620304,0.004208399914205074,-0.25612199306488037,-21.910499572753906,278.53578926,9.56698598,0.0011418299982324243,0.0010778700234368443,0.9724950194358826,23.12849998474121,-1.1493200063705444,30.0,1.185770034790039,0.028564399108290672,5.448130104923621e-05,1.1872299909591675,1.0067700147628784,-35.02859878540039,0.04070499911904335,0.9968969821929932,0.9968969821929932,1.46697998046875,0.3308039903640747,0.1418990045785904,-0.011262799613177776,0.13514399528503418,1.0976799726486206,0.802498996257782,-0.0031774600502103567,0.011955399997532368,-0.008118449710309505,0.00042368299909867346,0.02869280055165291,4.625819929060526e-05,0.8684750199317932,2.3050999641418457,0.027088599279522896,6.815420056227595e-05,2.7441999912261963,0.001900619943626225,4.503739910433069e-05,639631429,128,2112,3
119482785358220897,3088557560000036,210026025560000035,113258287683811,35,5,0,52436456,0.0878614467455646,26370,56201.2604283,943.5819702148438,2728.6298828125,0.0029716999270021915,0.0029716999270021915,-0.2561199963092804,-1.0415400266647339,278.53579475,9.56699046,0.0007611099863424897,0.0007611099863424897,4.0014801025390625,23.2185001373291,-0.11610899865627289,30.0,1.158370018005371,0.03233930096030235,4.516830085776746e-05,1.0916099548339844,0.7823789715766907,-65.4833984375,0.028006600216031075,0.9994249939918518,0.9994249939918518,7.693210124969482,6.294670311035588e-05,0.28415098786354065,-0.0232503991574049,0.3299579918384552,1.2945599555969238,0.9000319838523865,0.02620909921824932,0.028819700703024864,0.0057959300465881824,0.007263499777764082,0.0328001007437706,4.733340028906241e-05,0.8504840135574341,2.048959970474243,0.032683901488780975,4.786709905602038e-05,3.236409902572632,0.00020039599621668458,1.4735100194229744e-05,103825415,128,7342144,3
119482785358220897,3088646560000048,210027138560000047,113258287683811,47,5,0,52438556,0.33867758264642,26370,56201.2715634,940.6669921875,2731.550048828125,0.0030479999259114265,0.0030479999259114265,-0.25612300634384155,-1.0423799753189087,278.53579901,9.56698836,0.0007806619978509843,0.0007806619978509843,4.761439800262451,23.20170021057129,-0.12947699427604675,30.0,1.2052899599075317,0.03165600076317787,4.534910112852231e-05,1.0478700399398804,0.8122450113296509,-68.12969970703125,0.06893180310726166,0.9993950128555298,0.9993950128555298,6.350460052490234,1.9221799902879866e-06,0.2883870005607605,-0.015848299488425255,0.32709801197052,0.9589570164680481,0.9015030264854431,0.028845900669693947,0.03146069869399071,0.007364950142800808,0.005392429884523153,0.03203520178794861,4.7220801207004115e-05,0.8455110192298889,2.0489799976348877,0.03037559986114502,4.507549965637736e-05,2.3973898887634277,0.00022038299357518554,1.5249200259859208e-05,103825415,128,74451008,3
119482785358220897,3088740650000005,198949795650000004,113258287683811,4,2,0,49793365,0.0937851910421487,26370,56090.4981864,1790.1700439453125,3128.06005859375,0.001830079942010343,0.002034089993685484,-0.25610798597335815,29.001100540161133,278.53579518,9.5669904,0.0004686969914473593,0.0005209469818510115,-0.8745909929275513,24.71769905090332,-0.06425700336694717,40.0,1.0239299535751343,0.015330499969422817,1.5148199963732623e-05,1.1129499673843384,1.0435199737548828,-77.31279754638672,-0.06896849721670151,0.8141270279884338,0.22801099717617035,9.225179672241211,-0.3817960023880005,0.44740599393844604,0.002119610086083412,0.502157986164093,1.0793299674987793,0.9820060133934021,-0.00410636980086565,0.006424250081181526,-0.00045327600673772395,0.0010939199710264802,0.011137899942696095,1.186460031021852e-05,0.8212400078773499,2.561079978942871,0.012789599597454071,1.210249956784537e-05,2.6983399391174316,1.8062499293591827e-05,2.326240064576268e-06,640680069,160,32768,3
119482785358220897,3088844650000031,198950854650000030,113258287683811,30,2,0,49795165,0.429852693742004,26370,56090.5087838,1783.8599853515625,3125.06005859375,0.0017742699710652232,0.002036360092461109,-0.25610798597335815,28.99920082092285,278.53579279,9.56698784,0.00045440500252880156,0.0005215280107222497,7.714719772338867,24.71579933166504,-0.06540600210428238,40.0,1.0325299501419067,0.01579109951853752,1.5557699953205884e-05,1.1520800590515137,1.0469599962234497,-81.81719970703125,-0.15229399502277374,0.7789660096168518,0.29840898513793945,7.74714994430542,1.2124599860620453e-14,0.1998019963502884,-0.009389369748532772,0.20355099439620972,1.0476200580596924,0.6860690116882324,-0.004891839809715748,-0.04053400084376335,0.010964199900627136,-0.003973660059273243,0.010812999680638313,1.1689699931594077e-05,0.8467040061950684,2.561079978942871,0.012349899858236313,1.1874200026795734e-05,2.619040012359619,1.823499951569829e-05,2.3196000711322995e-06,102760581,160,32768,3
119482785358220897,3089168650000066,243527383650000065,113258287683811,65,1,0,65134065,0.934755107327136,26370,56536.2740817,1760.300048828125,3123.550048828125,0.00393476989120245,0.004124950151890516,-0.2561100125312805,28.99679946899414,278.5357908,9.56698132,0.0010077300248667598,0.0010564400581642985,-0.14371199905872345,24.47130012512207,-0.1054610013961792,43.0,1.0220099687576294,0.007459329906851053,1.0128999747394118e-05,1.3947399854660034,1.3009300231933594,-67.40550231933594,0.25996899604797363,0.9991229772567749,0.10855499655008316,3.5127298831939697,-0.8857280015945435,0.22695599496364594,-0.006223970092833042,0.23831599950790405,1.174839973449707,0.9177039861679077,-0.00026364601217210293,0.0007981249946169555,0.0027582000475376844,3.855030081467703e-05,0.007476610131561756,1.0480500350240618e-05,0.9059590101242065,3.329430103302002,0.006923209875822067,9.70860037341481e-06,2.9370999336242676,6.4738701439637225e-06,1.894979959615739e-06,102760517,160,2112,3
119482785358220897,3099924120000079,265862760120000078,113258287683811,78,4,0,72658812,0.927723718739789,26370,56759.6279575,549.9019775390625,3373.330078125,0.0018887299811467528,0.0016597900539636612,-0.25627899169921875,-102.96800231933594,278.5357978,9.56698043,0.0004840439942199737,0.00042537000263109803,-12.308300018310547,24.231599807739258,-0.06612899899482727,60.0,1.0288900136947632,0.02728850021958351,2.1691299480153248e-05,1.3102999925613403,1.1061999797821045,22.973499298095703,-0.039113599807024,0.718421995639801,0.0,8.036970138549805,-8.167629771044661e-35,0.6569399833679199,0.024354999884963036,0.6675209999084473,1.260849952697754,0.9178889989852905,0.021691899746656418,-0.06268960237503052,0.0032180100679397583,0.0018991000251844525,0.01578499935567379,1.4404399735212792e-05,0.8391810059547424,2.8190701007843018,0.01873219944536686,1.5444900782313198e-05,3.1521201133728027,5.4921798437135294e-05,3.63995991392585e-06,103809157,160,32768,3
119482785358220897,3100077120000003,265664407120000002,113258287683811,2,5,0,72565912,0.247399296841956,26370,56757.6445413,558.2069702148438,3373.3798828125,0.0019385700579732656,0.0018994599813595414,-0.2563199996948242,-102.96900177001953,278.53580074,9.56697986,0.0004968940047547221,0.00048686799709685147,4.690999984741211,23.319499969482422,-0.028745999559760094,80.0,1.0217100381851196,0.031890399754047394,2.907270027208142e-05,1.0232199430465698,0.9341080188751221,-34.8942985534668,0.713346004486084,0.8948339819908142,0.8948339819908142,10.394499778747559,2.718740006457665e-06,0.5783389806747437,-0.02235810086131096,0.5949620008468628,1.1951199769973755,1.1275500059127808,0.008441680110991001,-0.03139819949865341,-0.0009523219778202474,-0.0038403000216931105,0.023670300841331482,2.35780007642461e-05,0.8467040061950684,2.563199996948242,0.026947500184178352,2.5590699806343764e-05,2.987790107727051,0.0001948529970832169,9.215120371663943e-06,640680069,128,34880,3
119482785358220897,3115929410000025,237146365410000024,113258287683811,24,3,0,62632641,0.660646065753555,26370,56472.4639208,2147.18994140625,1853.3900146484375,0.0021035000681877136,0.002137830015271902,-0.25616100430488586,17.016599655151367,278.53579837,9.56698243,0.0005388340214267373,0.000547627976629883,0.9526749849319458,24.607500076293945,-0.013251000083982944,45.0,1.0334399938583374,0.023043299093842506,1.64043995027896e-05,1.483590006828308,1.444890022277832,-73.62889862060547,0.20560799539089203,0.8978999853134155,0.8032190203666687,10.18280029296875,0.34075498580932617,1.017240047454834,-0.05748319998383522,0.8733350038528442,1.382390022277832,1.1202499866485596,0.10399000346660614,-0.16259600222110748,0.001787109998986125,-0.005598870106041431,0.01946610026061535,1.5570300092804246e-05,0.8814740180969238,3.330090045928955,0.0204911008477211,1.4716400073666591e-05,3.455970048904419,3.6912500945618376e-05,2.7960099941992667e-06,1714421893,128,34880,3
119482785358220897,3116032410000033,237147533410000032,113258287683811,32,3,0,62634141,0.634348281318646,26370,56472.4755974,2149.449951171875,1856.949951171875,0.002049430040642619,0.002041179919615388,-0.25614699721336365,17.014299392700195,278.53579903,9.56698152,0.0005249559762887657,0.0005228419904597104,1.1128699779510498,24.607099533081055,-0.012977000325918198,45.0,1.0486400127410889,0.022614000365138054,1.664279989199713e-05,1.4066100120544434,1.3807100057601929,83.84639739990234,0.16829900443553925,0.8652179837226868,0.7628300189971924,9.766260147094727,0.2657639980316162,0.9048050045967102,-0.03682500123977661,0.8075140118598938,1.3849899768829346,1.0853099822998047,0.07613380253314972,-0.12813299894332886,0.002205759985372424,-0.00615519005805254,0.01868950016796589,1.5211399841064122e-05,0.8720560073852539,3.3299200534820557,0.01996150054037571,1.454009998269612e-05,3.462480068206787,3.796110104303807e-05,2.848719987014192e-06,1714421893,128,34880,3
119482785358220897,3116112130000025,230553795130000024,113258287683811,24,4,0,60498813,0.697673033641347,26370,56406.538133,3439.64990234375,2078.199951171875,0.0021742000244557858,0.0022184799890965223,-0.2562960088253021,-73.04560089111328,278.53579221,9.56697856,0.0005572370137088001,0.000568586983717978,2.8345398902893066,24.26140022277832,-0.023636000230908394,30.0,1.1493699550628662,0.02781200036406517,2.6363000870333053e-05,1.261430025100708,1.116129994392395,-49.42729949951172,-0.24271699786186218,0.9974439740180969,0.0900769978761673,4.320400238037109,0.004589119926095009,0.40905800461769104,-0.007125670090317726,0.42996400594711304,1.0654000043869019,0.8403139710426331,-0.02789130061864853,-0.008657179772853851,-0.002538680098950863,0.004529680125415325,0.0282128993421793,2.6932799300993793e-05,0.8753520250320435,2.562959909439087,0.02662220038473606,2.549800046836026e-05,2.6635100841522217,8.483859710395336e-05,6.113640210969606e-06,103809029,160,34880,3
119482785358220897,3116225130000057,230555038130000056,113258287683811,56,4,0,60501313,0.116295168284602,26370,56406.5505588,3439.760009765625,2079.239990234375,0.0028005801141262054,0.0028115699533373117,-0.2562769949436188,-73.04570007324219,278.53579248,9.56697931,0.0007177239749580622,0.0007205400033853948,0.40242499113082886,24.268199920654297,-0.018157999962568283,30.0,1.108780026435852,0.027581999078392982,2.6095200155396014e-05,1.513350009918213,1.4352799654006958,-47.11539840698242,-0.08988060057163239,0.9988179802894592,0.10005000233650208,4.7220001220703125,0.6873720288276672,0.24111099541187286,-0.007985839620232582,0.2424519956111908,1.1949299573898315,0.9257590174674988,-0.007864359766244888,-0.003193219890818,-0.0014733700081706047,0.0011435099877417088,0.028188299387693405,2.6675899789552204e-05,0.9059590101242065,3.3315999507904053,0.026266900822520256,2.539019988034852e-05,2.9873099327087402,7.627689774380997e-05,5.958059773547575e-06,102760517,160,34880,3
119482785358220897,3116309130000061,227663263130000060,113258287683811,60,5,0,59194313,0.491970558177652,26370,56377.63282,3440.050048828125,2057.5400390625,0.0037759800907224417,0.004138070158660412,-0.25632598996162415,-73.05020141601562,278.53579642,9.56697936,0.0009678800124675035,0.0010606900323182344,0.35266900062561035,22.99180030822754,-0.3425559997558594,30.0,1.1001299619674683,0.030806800350546837,5.173610043129884e-05,1.1410800218582153,1.0291500091552734,-76.92150115966797,0.39260101318359375,0.9966430068016052,0.18248599767684937,2.886620044708252,0.7243369817733765,0.1455419957637787,-0.0037147800903767347,0.15806299448013306,1.1269199848175049,0.841750979423523,-0.003195350058376789,-0.0035180801060050726,0.0031856000423431396,0.0016713700024411082,0.031024200841784477,5.109329867991619e-05,0.8689860105514526,2.563260078430176,0.029316000640392303,5.1424798584776e-05,2.8173000812530518,0.0002966879983432591,1.9539600543794222e-05,102760517,160,2112,3
119482785358220897,3116375130000065,227963642130000064,113258287683811,64,5,0,59233013,0.353799339713342,26370,56380.636603,3426.27001953125,2049.47998046875,0.0046948702074587345,0.004818560089915991,-0.2563210129737854,-73.04879760742188,278.53579596,9.56697981,0.0012033999664708972,0.0012350999750196934,0.5731639862060547,23.38170051574707,0.054253000766038895,30.0,1.0712100267410278,0.031400199979543686,4.370330134406686e-05,1.7067899703979492,1.5641800165176392,-56.145599365234375,0.15825200080871582,0.9986140131950378,0.1748420000076294,2.296109914779663,0.5665339827537537,0.3232029974460602,-0.013433599844574928,0.32905301451683044,1.5952199697494507,0.9967319965362549,-0.020774999633431435,-0.006224989891052246,0.000594888988416642,0.0017190800281241536,0.031863100826740265,4.257139880792238e-05,0.9082440137863159,3.844820022583008,0.030537599697709084,4.565110066323541e-05,3.9880599975585938,0.0002074899966828525,1.3869000213162508e-05,102760517,160,2112,3
119482785358220897,3116447130000059,237933255130000058,113258287683811,58,1,0,62969613,0.0899841329920889,26370,56480.3328071,3451.56005859375,2078.590087890625,0.003778320038691163,0.003484159940853715,-0.2562749981880188,-73.0447006225586,278.53579202,9.56697932,0.000968290027230978,0.0008929049945436418,0.13626599311828613,24.43779945373535,-0.12634100019931793,43.0,1.1619499921798706,0.007910479791462421,1.0438499884912744e-05,1.3653199672698975,1.2709800004959106,-1.0339900255203247,0.09393639862537384,0.9997140169143677,0.14732299745082855,2.204780101776123,0.8916109800338745,0.2217240035533905,-0.0003943020128645003,0.2013780027627945,1.1969499588012695,0.9022560119628906,-0.00043715699575841427,0.006264930125325918,0.00412350008264184,-3.0318200515466742e-05,0.008048780262470245,1.107420030166395e-05,0.884194016456604,3.075309991836548,0.007528400048613548,1.0080700121761765e-05,2.9923698902130127,7.781710337440018e-06,1.7959199567485484e-06,102760517,160,34880,3
119482785358220897,3116526130000065,237934437130000064,113258287683811,64,1,0,62971213,0.837054683675109,26370,56480.3446283,3453.93994140625,2077.989990234375,0.0036498599220067263,0.003296920098364353,-0.2562820017337799,-73.0448989868164,278.53579377,9.5669786,0.0009353929781354964,0.000844941008836031,0.442889004945755,24.443099975585938,-0.1270979940891266,43.0,1.1206799745559692,0.007852910086512566,1.0405499779153615e-05,1.3993300199508667,1.2649999856948853,11.489500045776367,-0.19252200424671173,0.9989510178565979,0.14336399734020233,1.9486099481582642,0.6578459739685059,0.21560199558734894,0.004937219899147749,0.1915850043296814,1.163159966468811,0.8778330087661743,-0.008703770115971565,0.006287760101258755,-0.006889610085636377,0.0010773399844765663,0.007987460121512413,1.0941300388367381e-05,0.8974570035934448,3.075390100479126,0.0075097898952662945,1.0028899851022288e-05,2.907910108566284,7.62882018534583e-06,1.7785999943953357e-06,102760517,160,34880,3
119482785358220897,3116607410000035,237148702410000034,113258287683811,34,2,0,62636041,0.460068220701132,26370,56472.4872633,2146.070068359375,1854.699951171875,0.0017688299994915724,0.0017688299994915724,-0.2562359869480133,17.013399124145508,278.53579149,9.56698633,0.00045323799713514745,0.00045323799713514745,3.282979965209961,24.729000091552734,-0.0455779992043972,40.0,1.0698200464248657,0.01629750058054924,1.3548899914894719e-05,1.4479800462722778,1.4099500179290771,-68.84249877929688,0.1072010025382042,0.9981650114059448,0.27013298869132996,3.7738099098205566,0.0010271599749103189,0.769428014755249,-0.03296229988336563,0.6725839972496033,1.2060099840164185,0.9865890145301819,0.06285879760980606,-0.11371500045061111,-0.0005107420147396624,-0.002802399918437004,0.016649499535560608,1.4387599549081642e-05,0.904075026512146,3.3310699462890625,0.015497099608182907,1.3184399904275779e-05,3.0150299072265625,2.2986700059846044e-05,2.2955500753596425e-06,1714438151,160,34880,3
119482785358220897,3116685410000031,237149763410000030,113258287683811,30,2,0,62638041,0.548293320972746,26370,56472.4978804,2149.5,1853.3699951171875,0.0017980800475925207,0.0017980800475925207,-0.2562209963798523,17.012100219726562,278.53579611,9.56698413,0.0004607049922924489,0.0004607049922924489,3.9502499103546143,24.727800369262695,-0.04467000067234039,40.0,1.094730019569397,0.01607009954750538,1.3580800441559404e-05,1.375100016593933,1.3278599977493286,-69.63680267333984,0.09642910212278366,0.9996560215950012,0.27827000617980957,4.245520114898682,7.806879875715822e-05,0.6772940158843994,-0.026638399809598923,0.6131119728088379,1.164039969444275,0.9556739926338196,0.04444979876279831,-0.07820779830217361,0.0030141500756144524,-0.001924550044350326,0.01642579957842827,1.4349499906529672e-05,0.884194016456604,3.0746500492095947,0.015318700112402439,1.3103500350553077e-05,2.9100899696350098,2.326079993508756e-05,2.3087600311555434e-06,1714438151,160,34880,3
119482785358220897,3117485010000033,166048811010000032,113258287683811,32,3,0,36493801,0.419333911891406,26370,55761.4883805,1798.93994140625,1422.030029296875,0.003428800031542778,0.0025567300617694855,-0.255297988653183,160.99200439453125,278.53579409,9.56698259,0.0008753659785725176,0.0006527280202135444,-15.210100173950195,24.578899383544922,-0.05018400028347969,45.0,1.2705299854278564,0.022115100175142288,1.888490078272298e-05,1.4403599500656128,1.4315299987792969,-50.755699157714844,0.36405399441719055,0.6738560199737549,0.6738560199737549,7.916059970855713,-0.0,0.9041010141372681,0.14517800509929657,0.8196280002593994,-999.0,0.8454239964485168,-0.277987003326416,-0.29565200209617615,0.0036046600434929132,0.007704020012170076,0.015076099894940853,1.381679976475425e-05,0.49695301055908203,3.5741701126098633,-999.0,-999.0,-999.0,6.186730024637654e-05,3.5736900372285163e-06,103809029,128,32768,3
119482785358220897,3117594010000043,166049898010000042,113258287683811,42,3,0,36495401,0.792530803747969,26370,55761.499252,1798.9000244140625,1420.719970703125,0.004617980215698481,0.0031106399837881327,-0.2552880048751831,160.9969940185547,278.53579072,9.56699434,0.0011789100244641304,0.0007941069779917598,-12.671500205993652,24.54990005493164,-0.076105996966362,45.0,1.3393299579620361,0.023451799526810646,1.997889921767637e-05,1.7837799787521362,1.7000499963760376,28.16510009765625,0.38026800751686096,0.6429619789123535,0.6429619789123535,3.3701400756835938,-8.502210052267354e-37,0.2723250091075897,0.01861950010061264,0.3963429927825928,1.2609699964523315,0.8604819774627686,-0.01924780011177063,-0.010245099663734436,0.010474099777638912,-0.004989210050553083,0.015181399881839752,1.3940700227976777e-05,0.5088549852371216,4.339890003204346,0.01597769930958748,1.3814100384479389e-05,3.1524300575256348,6.888050120323896e-05,3.896329872077331e-06,102760453,128,0,3
119482785358220897,3117679040000022,166349056040000021,113258287683811,21,3,0,36656804,0.282568651514657,26370,55764.4908377,1983.0400390625,4389.990234375,0.0015344599960371852,0.0015344599960371852,-0.2557950019836426,166.77200317382812,278.53579068,9.56697186,0.0003925070050172508,0.0003925070050172508,6.157129764556885,24.601600646972656,-0.038433998823165894,45.0,1.3377799987792969,0.021487299352884293,1.5496600099140778e-05,1.4807599782943726,1.3541699647903442,16.978900909423828,0.1509149968624115,0.9983500242233276,0.46107199788093567,9.514419555664062,7.40751016081731e-10,0.8621429800987244,0.044978201389312744,0.6832749843597412,1.2312899827957153,1.0218900442123413,-0.10754100233316422,-0.06859549880027771,0.0015949700027704239,0.002848149975761771,0.02306790091097355,1.694730053714011e-05,0.9153760075569153,3.3253400325775146,0.02147570066154003,1.5155799701460637e-05,3.0782198905944824,4.118619835935533e-05,2.9879199701099424e-06,640696327,160,34880,3
119482785358220897,3117788040000022,166350174040000021,113258287683811,21,3,0,36658504,0.26717161970881,26370,55764.5020144,1984.050048828125,4390.580078125,0.0014957699459046125,0.0014957699459046125,-0.2557710111141205,166.77099609375,278.53580099,9.56698008,0.00038257401320151985,0.00038257401320151985,5.095729827880859,24.591699600219727,-0.04456400126218796,45.0,1.423259973526001,0.022231100127100945,1.562870056659449e-05,1.631659984588623,1.4881900548934937,18.911500930786133,0.03234409913420677,0.9983569979667664,0.38297998905181885,23.24570083618164,3.4739198895294976e-07,1.0842700004577637,0.07821089774370193,0.766061007976532,1.2655500173568726,1.0706499814987183,-0.21919700503349304,-0.12519699335098267,0.005889290012419224,0.0063429600559175014,0.023471299558877945,1.7115600712713785e-05,0.9110810160636902,3.5808000564575195,0.021841900423169136,1.5409999832627364e-05,3.163870096206665,4.460330092115328e-05,3.119879920632229e-06,640696327,160,2112,3
119482785358220897,3118879030000080,164051530030000079,113258287683811,79,1,0,35451403,0.734259486882258,26370,55741.5155548,1982.969970703125,568.02099609375,0.0038238801062107086,0.0034789699129760265,-0.25586000084877014,162.3249969482422,278.53580012,9.56699071,0.0009783749701455235,0.0008901280234567821,0.614093005657196,24.479900360107422,-0.08321399986743927,43.0,1.1447700262069702,0.008064590394496918,1.0366399692429695e-05,1.486799955368042,1.3404200077056885,17.4143009185791,-0.12157599627971649,0.9986839890480042,0.9329630136489868,2.0510799884796143,0.5391539931297302,0.23537899553775787,0.007113889791071415,0.21089999377727509,1.2355300188064575,0.9135349988937378,0.013489999808371067,0.0036683198995888233,-0.005556880030781031,0.00015232300211209804,0.00823017954826355,1.0966399713652208e-05,0.8952469825744629,3.070310115814209,0.007751950062811375,1.005060039460659e-05,3.0888400077819824,6.885230050102109e-06,1.7177500239995425e-06,102760517,128,7342144,3
119482785358220897,3118979030000078,164052575030000077,113258287683811,77,1,0,35452803,0.261221706179177,26370,55741.5260122,1985.18994140625,568.7559814453125,0.004549200180917978,0.0041299001313745975,-0.2558610141277313,162.32400512695312,278.53579977,9.56698927,0.0011639599688351154,0.0010566799901425838,-0.21255099773406982,23.93950080871582,-0.617576003074646,43.0,1.185789942741394,0.009632679633796215,1.462620002712356e-05,1.48403000831604,1.3235399723052979,16.39940071105957,-0.07638219743967056,0.9990879893302917,0.8134480118751526,1.7809699773788452,-0.8316770195960999,0.22926299273967743,0.006550909951329231,0.20624500513076782,1.2115600109100342,0.9060279726982117,0.014566799625754356,0.004316819831728935,-0.0014104200527071953,5.44083995919209e-05,0.0096273897215724,1.5198400433291681e-05,0.8952469825744629,3.0703299045562744,0.0090616000816226,1.407529998687096e-05,3.028899908065796,1.244449958903715e-05,2.839740091076237e-06,102760517,128,2112,3
119482785358220897,3119177030000071,164049361030000070,113258287683811,70,2,0,35447803,0.861342063975839,26370,55741.4938537,1987.06005859375,574.3939819335938,0.002110620029270649,0.002110620029270649,-0.2558630108833313,162.32699584960938,278.53579538,9.56697802,0.0005400290247052908,0.0005400290247052908,8.633649826049805,24.691299438476562,-0.08528999984264374,40.0,1.0812599658966064,0.012607100419700146,1.2506199709605426e-05,1.126420021057129,1.0978399515151978,48.803001403808594,-0.0948600023984909,0.9974200129508972,0.18619200587272644,97.7313003540039,5.94247007007432e-18,0.16217799484729767,0.005364609882235527,0.17426800727844238,1.1002299785614014,0.8413500189781189,0.007001509889960289,-0.00867214985191822,0.0037315499503165483,-0.0015216199681162834,0.01479019969701767,1.3834700439474545e-05,0.8817179799079895,2.558619976043701,0.014100099913775921,1.2698100363195408e-05,2.750580072402954,1.545710074424278e-05,2.0150100681348704e-06,639647751,160,2112,3
119482785358220897,3119294030000068,164050357030000067,113258287683811,67,2,0,35449303,0.489203435824442,26370,55741.5038194,1987.300048828125,574.6519775390625,0.002029390074312687,0.002029390074312687,-0.25586000084877014,162.32699584960938,278.53579026,9.56697879,0.0005192389944568276,0.0005192389944568276,7.27623987197876,24.712099075317383,-0.062261998653411865,40.0,1.1071399450302124,0.013105499558150768,1.250019977305783e-05,1.1805200576782227,1.1233500242233276,45.69150161743164,-0.03160509839653969,0.9976379871368408,0.1912519931793213,86.48979949951172,3.4325499257206737e-13,0.17099599540233612,0.006130709778517485,0.1836249977350235,1.0831400156021118,0.8566820025444031,0.008003209717571735,-0.005641010124236345,0.0030356498900800943,-0.0015735100023448467,0.015032700262963772,1.3855799807060976e-05,0.8689860105514526,2.5585999488830566,0.014247800223529339,1.260130011360161e-05,2.7078499794006348,1.5239799722621683e-05,2.061040049738949e-06,639647751,160,2112,3
119482785358220897,3120002010000049,245027651010000048,113258287683811,48,3,0,65608501,0.392383255429923,26370,56551.276783,2139.530029296875,2584.68994140625,0.003885529935359955,0.0037142999935895205,-0.25516799092292786,174.1820068359375,278.53579597,9.56698563,0.000991462031379342,0.0009477700223214924,0.7637050151824951,24.541099548339844,-0.10127899795770645,45.0,1.0813100337982178,0.020967800170183182,1.54883000504924e-05,2.480600118637085,2.2579801082611084,30.947200775146484,0.2581070065498352,0.995710015296936,0.995710015296936,8.543100357055664,0.44504299759864807,0.7216659784317017,0.027788400650024414,0.6924909949302673,1.6991699934005737,1.2200299501419067,-0.0049780597910285,0.001617769943550229,0.0003638810012489557,0.0008439819794148207,0.02266559936106205,1.6858699382282794e-05,0.8970549702644348,5.613699913024902,0.021627899259328842,1.6605199562036432e-05,4.24793004989624,6.330909673124552e-05,3.848700089292834e-06,102760517,128,2112,3
119482785358220897,3121200240000018,236251811240000017,113258287683811,17,3,0,62274824,0.236193048987717,26370,56463.5183815,4377.56982421875,4082.280029296875,0.0014103399589657784,0.0015454200329259038,-0.25665101408958435,177.26600646972656,278.53576915,9.5669417,0.0003619650087784976,0.000396632996853441,-7.574130058288574,24.608699798583984,-0.03591800108551979,45.0,1.0844299793243408,0.023464299738407135,2.108029912051279e-05,0.8496569991111755,0.8110169768333435,-89.23650360107422,0.2519179880619049,0.5713229775428772,0.21912799775600433,7.360079765319824,-3.615350071184062e-14,0.44940200448036194,-0.0023551499471068382,0.4691289961338043,1.4204200506210327,1.0681699514389038,-0.014660900458693504,-0.010987400077283382,0.004549969919025898,0.0017580999992787838,0.01046849973499775,1.1504300346132368e-05,0.7460389733314514,2.0532100200653076,0.01397790014743805,1.2702999811153859e-05,3.5510599613189697,5.069599865237251e-05,3.1501399462285917e-06,103809157,160,32768,3
119482785358220897,3121349240000017,236252902240000016,113258287683811,16,3,0,62276624,0.993276823305783,26370,56463.529299,4376.5,4080.989990234375,0.0013624699786305428,0.0015269200084730983,-0.2566539943218231,177.26499938964844,278.53579957,9.56696325,0.00034968400723300874,0.0003918890142813325,-9.096969604492188,24.60420036315918,-0.03915100172162056,45.0,1.1138399839401245,0.023957600817084312,2.180929914175067e-05,0.8101609945297241,0.7782899737358093,37.4807014465332,0.19138899445533752,0.5277040004730225,0.19790300726890564,11.958600044250488,-9.28890029814209e-20,0.4475260078907013,0.010118300095200539,0.4312559962272644,0.9391070008277893,1.0580400228500366,-0.0401793010532856,-0.014109600335359573,0.010385899804532528,-0.004319299943745136,0.009304920211434364,1.0968799870170187e-05,0.7145730257034302,1.7965799570083618,0.012338499538600445,1.1529000403243117e-05,2.3477699756622314,4.8885398427955806e-05,3.1276599656848703e-06,103809157,160,32768,3
119482785358220897,3121539240000017,242633425240000016,113258287683811,16,4,0,64703524,0.416491373830001,26370,56527.3346076,4382.85986328125,4090.47998046875,0.0014627400087192655,0.0015507700154557824,-0.2566930055618286,177.26699829101562,278.53576688,9.5669599,0.00037547500687651336,0.00039807098801247776,1.9797199964523315,24.267099380493164,-0.023067999631166458,60.0,1.064579963684082,0.025426900014281273,2.6661100491764955e-05,0.8799539804458618,0.7977169752120972,-15.946000099182129,-0.20929500460624695,0.43425101041793823,0.26282501220703125,11.199199676513672,0.0477352999150753,0.4548889994621277,-0.010478099808096886,0.421519011259079,0.9346539974212646,1.0334899425506592,0.031160900369286537,-0.035726699978113174,0.015427200123667717,0.002375930082052946,0.009203489869832993,1.092610000341665e-05,0.6690999865531921,1.7968499660491943,0.012237600050866604,1.2456200238375459e-05,2.33663010597229,8.397719648201019e-05,4.373130195745034e-06,103809157,160,32768,3
119482785358220897,3121746450000353,245323998450000352,113258287683811,352,5,0,65645845,0.845156377037201,26370,56554.2404516,869.6420288085938,4148.759765625,0.0028942800126969814,0.0031109300907701254,-0.256740003824234,87.2843017578125,278.53579015,9.56698758,0.0007430749828927219,0.0007987000280991197,21.716800689697266,23.399799346923828,0.05118200182914734,80.0,1.0336799621582031,0.027972400188446045,3.769730028579943e-05,1.2468600273132324,1.0559600591659546,62.22700119018555,0.3333500027656555,0.47102001309394836,0.2630380094051361,6.57558012008667,0.0,0.34859699010849,0.020451899617910385,0.19718900322914124,1.1941399574279785,0.8216109871864319,-0.023762699216604233,0.1575160026550293,-0.015612400136888027,0.002418660093098879,0.01015239953994751,1.4868500329612289e-05,0.6589009761810303,2.5673999786376953,0.012052199803292751,1.6531699657207355e-05,2.9853498935699463,0.00016106899420265108,7.701049980823882e-06,102760581,160,32768,3
119482785358220897,3121891240000093,235957417240000092,113258287683811,92,1,0,62119124,0.770312426397868,26370,56460.5744331,4368.4501953125,4085.43994140625,0.005131550133228302,0.0051886700093746185,-0.25671398639678955,177.26100158691406,278.5357995,9.56698367,0.001317339949309826,0.00133200001437217,0.4267970025539398,24.305599212646484,-0.24156500399112701,43.0,1.2711000442504883,0.007096350193023682,9.953259905159939e-06,1.8283900022506714,1.7314800024032593,51.187400817871094,0.030802499502897263,0.9998000264167786,0.9998000264167786,2.2455999851226807,0.669526994228363,0.3638330101966858,0.009189000353217125,0.3669700026512146,1.3998099565505981,1.030650019645691,0.004610440228134394,0.0005434600170701742,0.003775079967454076,-0.0001328109938185662,0.007260450161993504,1.1041300240322016e-05,0.9151409864425659,4.107419967651367,0.006821670103818178,9.75795956037473e-06,3.4995200634002686,9.55655013967771e-06,1.8589199726193328e-06,102760517,128,40896576,3
119482785358220897,3121971240000090,235958496240000089,113258287683811,89,1,0,62120724,0.513724753180262,26370,56460.5852157,4366.52978515625,4084.550048828125,0.005816769786179066,0.006054400000721216,-0.256727010011673,177.26100158691406,278.53579745,9.5669801,0.0014933199854567647,0.00155432999599725,0.4600740075111389,24.084199905395508,-0.45296400785446167,43.0,1.3394500017166138,0.007145170122385025,1.112629979616031e-05,1.9161200523376465,1.8036999702453613,63.730201721191406,0.00724476994946599,0.9994999766349792,0.9994999766349792,1.9596600532531738,0.6454629898071289,0.3952910006046295,0.010143900290131569,0.4109730124473572,1.4394899606704712,1.0578500032424927,0.0003144590009469539,-0.00380430999211967,0.002977220108732581,0.00012119599705329165,0.0073683299124240875,1.2284300282772165e-05,0.916379988193512,4.364349842071533,0.006913790013641119,1.0998600373568479e-05,3.598720073699951,1.2024600437143818e-05,2.366660055486136e-06,102760517,128,7342144,3
119482785358220897,3122032240000012,236155923240000011,113258287683811,11,2,0,62218724,0.112790729955575,26370,56462.5594692,4388.0498046875,4095.010009765625,0.001840470009483397,0.001840470009483397,-0.2567119896411896,177.26199340820312,278.5358016,9.56698371,0.0004724710015580058,0.0004724710015580058,3.3219499588012695,24.700000762939453,-0.06515700370073318,40.0,1.220639944076538,0.014659499749541283,1.2680799954978283e-05,1.273010015487671,1.1337599754333496,25.892000198364258,-0.5805529952049255,0.9965270161628723,0.2928999960422516,7.175489902496338,0.0008939019753597677,0.37242698669433594,0.02060749940574169,0.3325439989566803,1.0281399488449097,0.8577399849891663,-0.02955319918692112,0.01672930084168911,0.000692569010425359,0.004711790010333061,0.015007000416517258,1.3860700164514128e-05,0.8684750199317932,2.3104100227355957,0.014372499659657478,1.2442999832273927e-05,2.570349931716919,1.5845600501052104e-05,1.844930011429824e-06,640696327,160,34880,3
119482785358220897,3122171240000045,236156929240000044,113258287683811,44,2,0,62220224,0.135989554353049,26370,56462.5695303,4381.9599609375,4092.909912109375,0.0018546100473031402,0.0018546100473031402,-0.25672900676727295,177.26100158691406,278.53580085,9.56698387,0.00047613299102522433,0.00047613299102522433,3.6350901126861572,24.69219970703125,-0.0683630034327507,40.0,1.274440050125122,0.014562799595296383,1.269390031666262e-05,1.2351399660110474,1.1547600030899048,5.7410101890563965,-0.44815000891685486,0.9976469874382019,0.24503399431705475,6.780099868774414,0.0002778870111797005,0.3926810026168823,0.004973609931766987,0.3549340069293976,1.050029993057251,0.8474289774894714,-0.034873198717832565,0.020126299932599068,0.001439759973436594,0.004355129785835743,0.01496030017733574,1.3929299711890053e-05,0.8684750199317932,2.3105599880218506,0.014323200099170208,1.2461599908419885e-05,2.625070095062256,1.6086700270534493e-05,1.926540107888286e-06,103825415,160,34880,3
119482785358220897,3124328120000066,91735375120000065,113258287683811,65,3,0,8517512,0.654824413969018,26370,55018.3541075,4452.2900390625,918.8309936523438,0.003660969901829958,0.003750130068510771,-0.25590500235557556,-29.24220085144043,278.53579384,9.56699071,0.0009368580067530274,0.0009596769814379513,1.2387700080871582,24.074100494384766,-0.5775020122528076,60.0,1.1014200448989868,0.023475799709558487,2.371499977016356e-05,1.7500499486923218,1.6498099565505981,55.777000427246094,0.22074200212955475,0.9992129802703857,0.9992129802703857,2.0448100566864014,0.21543000638484955,0.3707210123538971,0.009646330028772354,0.3802269995212555,1.3731199502944946,1.0399199724197388,-0.011114099994301796,-0.0017042600084096193,-0.0002175450063077733,-0.00031612999737262726,0.02452629990875721,1.9175900888512842e-05,0.9238449931144714,4.094470024108887,0.022732200101017952,2.981169927807059e-05,3.4327900409698486,0.0012861499562859535,1.6304400560329668e-05,639631429,128,2112,3
119482785358220897,3124396120000065,91736187120000064,113258287683811,64,3,0,8518412,0.835958011295607,26370,55018.3622266,4456.5400390625,920.5759887695312,0.00418914994224906,0.003988639917224646,-0.2559100091457367,-29.242300033569336,278.53579548,9.56699117,0.0010720499558374286,0.0010207300074398518,0.9741610288619995,23.764999389648438,-0.8875020146369934,60.0,1.0808000564575195,0.022588400170207024,2.8901600671815686e-05,1.5618200302124023,1.4312700033187866,26.516599655151367,0.07298649847507477,0.9996939897537231,0.0,1.3052799701690674,0.32997700572013855,0.27202099561691284,0.010648000054061413,0.2629219889640808,1.2024999856948853,0.9461579918861389,-0.000786500982940197,-0.001148159964941442,0.0035645999014377594,-0.00043745600851252675,0.023242199793457985,2.1569800082943402e-05,0.9078329801559448,3.582740068435669,0.02148579992353916,3.904290133505128e-05,3.0062499046325684,0.002446169964969158,2.6603600417729467e-05,102760517,160,2112,3
119482785358220897,3124457310000062,134922524310000061,113258287683811,61,4,0,22309831,0.414730719676922,26370,55450.2254242,2256.010009765625,403.3590087890625,0.0030546400230377913,0.002805340103805065,-0.2564989924430847,-106.10299682617188,278.53579352,9.56699039,0.0007835139986127615,0.0007195679936558008,0.14752300083637238,24.28499984741211,0.012612000107765198,30.0,1.0210700035095215,0.028697699308395386,2.6081199393956922e-05,1.5709099769592285,1.45346999168396,-1.2085599899291992,0.19913800060749054,0.998212993144989,0.998212993144989,3.0802700519561768,0.8827189803123474,0.29384198784828186,-0.001460909959860146,0.26743999123573303,1.3348900079727173,0.9692260026931763,0.00015108499792404473,-0.005181970074772835,0.0012244899990037084,0.0003430900105740875,0.029224000871181488,2.6959200113196857e-05,0.9143289923667908,3.5909900665283203,0.02734909951686859,2.548160045989789e-05,3.337239980697632,6.337829836411402e-05,5.493409844348207e-06,1713373253,128,34880,3
119482785358220897,3124553310000037,134923078310000036,113258287683811,36,4,0,22310931,0.262193829065369,26370,55450.2309649,2253.530029296875,401.1390075683594,0.0022816199343651533,0.002064039930701256,-0.2564910054206848,-106.10299682617188,278.53579412,9.56698886,0.000585215981118381,0.0005294069997034967,2.4942800998687744,24.278799057006836,0.006360999774187803,30.0,1.019569993019104,0.028419099748134613,2.6342200726503506e-05,1.2181400060653687,1.0913300514221191,-13.262800216674805,0.062132298946380615,0.9642580151557922,0.9642580151557922,2.984600067138672,0.012621399946510792,0.5049710273742676,-0.004688240122050047,0.4935910105705261,1.197350025177002,0.9243810176849365,-0.008964600041508675,-0.015612799674272537,0.0033049299381673336,-0.0017194199608638883,0.02553340047597885,2.5389099391759373e-05,0.8707489967346191,2.8213999271392822,0.02664080075919628,2.488370046194177e-05,2.993380069732666,5.2756699005840346e-05,4.9177001528732944e-06,1177550853,128,34880,3
119482785358220897,3124709630000066,135730857630000065,113258287683811,65,5,0,22760363,0.087537424720393,26370,55458.3087555,786.3560180664062,2703.2900390625,0.004941429942846298,0.004591879900544882,-0.25651299953460693,-16.240100860595703,278.53578503,9.56699618,0.0012675400357693434,0.0011778799816966057,0.6882269978523254,23.297199249267578,-0.018144000321626663,30.0,1.2196300029754639,0.031416598707437515,4.701879879576154e-05,1.4494500160217285,1.329609990119934,17.396299362182617,0.6703659892082214,0.9987480044364929,0.9987480044364929,10.192399978637695,0.4913100004196167,0.2942360043525696,0.0063544102013111115,0.27015700936317444,2.0343799591064453,0.9846619963645935,-0.007402460090816021,0.0040953499265015125,0.0018501000013202429,0.00010067800030810758,0.03167720139026642,4.445140075404197e-05,0.9094570279121399,3.5911800861358643,0.03184029832482338,5.460330066853203e-05,5.085949897766113,0.00024466498871333897,1.6271900676656514e-05,102760517,128,7342144,3
119482785358220897,3124782630000076,135732026630000075,113258287683811,75,5,0,22762463,0.342128264105067,26370,55458.320442,785.8720092773438,2702.6201171875,0.010017000138759613,0.00945011992007494,-0.2565140128135681,-16.240800857543945,278.53578664,9.56699368,0.0025694998912513256,0.0024240899365395308,1.6086599826812744,23.25670051574707,-0.054030001163482666,30.0,1.2828400135040283,0.030350299552083015,4.968870052834973e-05,3.8014400005340576,3.541949987411499,17.594499588012695,1.272860050201416,0.9989889860153198,0.9989889860153198,1.8311599493026733,0.10769099742174149,0.954662024974823,0.018689900636672974,0.9106410145759583,2.369580030441284,1.3607300519943237,0.008775980211794376,0.014952699653804302,0.0005230560200288892,0.00039131101220846176,0.0319082997739315,4.385890133562498e-05,0.9503459930419922,6.412859916687012,0.031618598848581314,6.17299010627903e-05,5.923940181732178,0.00026792401331476867,1.7608799680601805e-05,102760517,128,24119360,3
119482785358220897,3124826650000076,89950983650000075,113258287683811,75,1,0,7905665,0.146397625232486,26370,55000.5101917,4443.93017578125,869.531982421875,0.0031699000392109156,0.0037580200005322695,-0.2559710144996643,-29.18079948425293,278.53580126,9.56699738,0.0008114009979180992,0.0009619420161470771,0.5427889823913574,24.495800018310547,-0.07778199762105942,60.0,1.0558500289916992,0.007767850067466497,8.599959983257577e-06,1.7148900032043457,1.422760009765625,75.48860168457031,-0.1674650013446808,0.9983599781990051,0.9983599781990051,2.54052996635437,0.5872750282287598,0.24405300617218018,0.01261760015040636,0.2929620146751404,1.235759973526001,0.9384009838104248,-0.00515364995226264,-0.005637309979647398,0.0026816099416464567,-0.0017375299939885736,0.00791188981384039,9.00859959074296e-06,0.8946580290794373,3.327620029449463,0.007415289990603924,8.359739695151802e-06,3.089400053024292,9.430100362806115e-06,1.6889999869817984e-06,102760517,128,7374912,3
119482785358220897,3124925650000070,89951930650000069,113258287683811,69,1,0,7906565,0.55357664875088,26370,55000.5196577,4442.66015625,869.072021484375,0.0031139301136136055,0.0033177300356328487,-0.25597500801086426,-29.181400299072266,278.53580114,9.56699465,0.0007970890146680176,0.0008492569904774427,0.8301960229873657,24.492900848388672,-0.07795699685811996,60.0,1.0744400024414062,0.007663710042834282,8.554719897801988e-06,1.470080018043518,1.334879994392395,64.11579895019531,0.01611809991300106,0.9983829855918884,0.9983829855918884,2.3889899253845215,0.4064280092716217,0.22438299655914307,0.009253869764506817,0.23975400626659393,1.1978199481964111,0.9128929972648621,-0.005870809778571129,-0.004084149841219187,0.00042781600495800376,-0.000478611997095868,0.007955210283398628,9.039269571076147e-06,0.904075026512146,3.3276801109313965,0.007425390183925629,8.371150215680245e-06,2.9945499897003174,9.622490324545652e-06,1.727599965306581e-06,102760517,128,7374912,3
119482785358220897,3125017410000085,128940467410000084,113258287683811,84,1,0,19197041,0.76732179687109,26370,55390.4049355,3363.010009765625,4764.91015625,0.0035712700337171555,0.0033471600618213415,-0.2565160095691681,43.78710174560547,278.53579645,9.56698891,0.000916087010409683,0.0008586000185459852,0.6963970065116882,24.493200302124023,-0.08806700259447098,43.0,1.019819974899292,0.007300320081412792,9.923869583872147e-06,1.346690058708191,1.196310043334961,29.625900268554688,-0.16707099974155426,0.9981129765510559,0.9981129765510559,5.595280170440674,0.48618000745773315,0.19204899668693542,0.00985901989042759,0.17444300651550293,1.175860047340393,0.8503260016441345,0.014309399761259556,-0.00994705967605114,-0.007075389847159386,0.0002245520008727908,0.007440810091793537,1.035189961839933e-05,0.8917940258979797,2.8216700553894043,0.0070609902031719685,9.708180186862592e-06,2.939650058746338,7.012639798631426e-06,1.8429200281389058e-06,102760517,128,7374912,3
119482785358220897,3125118410000087,128941681410000086,113258287683811,86,1,0,19198741,0.344914295100527,26370,55390.4170724,3361.760009765625,4759.3701171875,0.0034379500430077314,0.0031028299126774073,-0.2565169930458069,43.785400390625,278.53579618,9.56698733,0.0008818929782137275,0.0007959280046634376,0.7013769745826721,24.48740005493164,-0.0910089984536171,43.0,1.0252900123596191,0.007322200108319521,9.931760359904729e-06,1.361590027809143,1.1595699787139893,25.585500717163086,-0.39923200011253357,0.9993150234222412,0.9993150234222412,6.324170112609863,0.48306798934936523,0.18000400066375732,0.0112977996468544,0.15688000619411469,1.1115399599075317,0.8271430134773254,0.006302990019321442,-0.021512599661946297,0.0001652530045248568,-0.0008977300021797419,0.007461950182914734,1.0335999832022935e-05,0.8865320086479187,2.821690082550049,0.007100069895386696,9.718260116642341e-06,2.7788400650024414,7.125669981178362e-06,1.8209899508292438e-06,102760517,128,7374912,3
119482785358220897,3125237650000072,90852717650000071,113258287683811,71,2,0,8236165,0.722964151504416,26370,55009.5273959,4429.18017578125,859.0650024414062,0.0032071699388325214,0.003346390090882778,-0.2559730112552643,-29.182899475097656,278.53579935,9.56699212,0.0008209469961002469,0.0008565839962102473,1.3627699613571167,24.65489959716797,-0.11427199840545654,38.0,1.174399971961975,0.015296800062060356,1.3982899872644339e-05,1.8022500276565552,1.5826799869537354,54.09769821166992,0.19303199648857117,0.998507022857666,0.998507022857666,14.641799926757812,0.1729539930820465,0.36267098784446716,0.023926200345158577,0.3783639967441559,1.4986300468444824,1.0422699451446533,-0.00901523046195507,0.002671109978109598,-0.003615760011598468,-0.001007959945127368,0.016238799318671227,1.4986800124461297e-05,0.9238449931144714,4.095560073852539,0.01528680045157671,1.4052399819775019e-05,3.7465600967407227,1.8490600268705748e-05,2.7829501050291583e-06,639631429,128,2112,3
119482785358220897,3125322650000072,90853615650000071,113258287683811,71,2,0,8237365,0.0503420811615345,26370,55009.5363854,4421.10986328125,863.9860229492188,0.0030642799101769924,0.003158869920298457,-0.2559930086135864,-29.183700561523438,278.53579868,9.56699065,0.0007844340289011598,0.0008086480083875358,0.967598021030426,24.666099548339844,-0.09972000122070312,38.0,1.2142399549484253,0.014989299699664116,1.3580899576481897e-05,1.7111799716949463,1.4964599609375,50.44350051879883,0.20973600447177887,0.9981819987297058,0.9981819987297058,6.79541015625,0.33324500918388367,0.3301140069961548,0.023287799209356308,0.341964989900589,1.3881700038909912,1.009719967842102,-0.010913100093603134,0.0023512099869549274,-0.005076210014522076,-0.00034266398870386183,0.016038600355386734,1.4854400433250703e-05,0.9195619821548462,3.839900016784668,0.015010099858045578,1.3800299711874686e-05,3.4704298973083496,1.926629920490086e-05,2.5664498934929725e-06,639631429,128,2112,3
119482785358220897,3131488060000001,126652797060000000,113258287683811,0,3,0,18485906,0.55946426331947,26370,55367.5282375,314.2539978027344,4390.39990234375,0.0015021000290289521,0.001803999999538064,-0.25552898645401,-162.56199645996094,278.53578253,9.56695836,0.0003838299890048802,0.00046097399899736047,4.681089878082275,24.641799926757812,-0.019233999773859978,45.0,1.1085400581359863,0.019785400480031967,1.7972299247048795e-05,1.0280400514602661,0.9749270081520081,29.5226993560791,0.028665199875831604,0.6303229928016663,0.3524009883403778,52.6869010925293,2.8535400815599132e-06,0.5886210203170776,-0.011965500190854073,0.552361011505127,1.3270699977874756,0.9324449896812439,0.013864600099623203,0.047955598682165146,0.005082559771835804,0.006201200187206268,0.01217230036854744,1.210650043503847e-05,0.8053240180015564,2.5552899837493896,0.014658099971711636,1.2697300007857848e-05,3.3176701068878174,3.358309913892299e-05,2.6955299290420953e-06,103809157,160,32768,3
119482785358220897,3131690060000002,126654067060000001,113258287683811,1,3,0,18487706,0.888725938171824,26370,55367.5409337,333.0459899902344,4393.580078125,0.0014285700162872672,0.001745490008033812,-0.255513995885849,-162.56199645996094,278.53578225,9.56695853,0.00036501899012364447,0.00044599600369110703,1.401229977607727,24.639400482177734,-0.020428000018000603,45.0,1.1500500440597534,0.02204900048673153,1.988119947782252e-05,0.9654279947280884,0.921455979347229,7.701539993286133,-0.0067937602289021015,0.5451890230178833,0.016522100195288658,56.89500045776367,0.16114500164985657,0.5526379942893982,-0.015629999339580536,0.5410190224647522,1.3721599578857422,0.9918109774589539,-0.007371670100837946,0.018922800198197365,0.007865119725465775,0.0006201950018294156,0.011027400381863117,1.1580000318645034e-05,0.7780910134315491,2.2996199131011963,0.014979599975049496,1.2480099940148648e-05,3.4303998947143555,3.723400004673749e-05,2.760479901553481e-06,103809157,160,32768,3
119482785358220897,3131871270000032,126049364270000031,113258287683811,31,1,0,18107627,0.817543360234744,26370,55361.4938979,2716.780029296875,3340.949951171875,0.003337180009111762,0.003364379983395338,-0.2555760145187378,-132.5070037841797,278.53577015,9.56697523,0.0008529010228812695,0.0008598529966548085,7.574170112609863,24.487699508666992,-0.1071150004863739,43.0,1.0237799882888794,0.007906329818069935,1.1509700016176794e-05,1.2415599822998047,1.2149900197982788,13.351900100708008,0.12011600285768509,0.7742660045623779,0.7742660045623779,1.9002200365066528,3.614269934769723e-14,0.2816939949989319,-0.012720500119030476,0.28590500354766846,1.3131500482559204,0.8756139874458313,-0.0027617700397968292,-0.053609300404787064,-0.011476299725472927,-0.0034165100660175085,0.004983969964087009,8.53081019158708e-06,0.8470730185508728,2.8113300800323486,0.005807930137962103,8.881959729478694e-06,3.282870054244995,8.237810106948018e-06,1.832339989960019e-06,102760581,128,32768,3
119482785358220897,3132003060000039,126050604060000038,113258287683811,38,1,0,18109406,0.713351961889632,26370,55361.5062945,301.2799987792969,4382.169921875,0.0031687601003795862,0.0032162999268621206,-0.2556680142879486,-162.55499267578125,278.53581077,9.56699336,0.0008101509883999825,0.0008223060285672545,1.7297999858856201,24.4906005859375,-0.10768099874258041,43.0,1.0341700315475464,0.00776644004508853,9.984550160879735e-06,1.166290044784546,1.1149699687957764,61.72999954223633,0.2432049959897995,0.9980900287628174,0.9980900287628174,7.017630100250244,0.08366599678993225,0.1845030039548874,0.003986729774624109,0.1800370067358017,1.1807199716567993,0.8650490045547485,0.00019186999998055398,0.0028982399962842464,-0.003065980039536953,0.0005628839717246592,0.00804980006068945,1.085720032278914e-05,0.8865320086479187,2.812350034713745,0.007561259903013706,9.690080332802609e-06,2.9518001079559326,6.280380148382392e-06,1.684099970589159e-06,102760517,128,7374912,3
119482785358220897,3132102060000022,126451805060000021,113258287683811,21,2,0,18362906,0.448604003944065,26370,55365.5182905,318.052001953125,4392.75,0.0023574200458824635,0.0023975400254130363,-0.255621999502182,-162.55799865722656,278.53579477,9.56698671,0.0006026100018061697,0.00061286601703614,1.6077500581741333,24.723100662231445,-0.06083599850535393,40.0,1.0703400373458862,0.014673000201582909,1.230630005011335e-05,1.2932000160217285,1.2411400079727173,53.928001403808594,0.40689900517463684,0.9982650279998779,0.9982650279998779,14.14330005645752,0.10788899660110474,0.23067599534988403,0.005822460167109966,0.2290319949388504,1.272779941558838,0.9148520231246948,0.0004973909817636013,0.004764180164784193,-0.002765839919447899,-0.00048394399345852435,0.015427899546921253,1.3908000255469233e-05,0.9097260236740112,3.323090076446533,0.014424200169742107,1.2053000318701379e-05,3.181960105895996,1.3381500139075797e-05,1.894979959615739e-06,639631429,128,34880,3
119482785358220897,3132227060000002,126452946060000001,113258287683811,1,2,0,18364706,0.532044979307842,26370,55365.5296999,338.6189880371094,4395.490234375,0.0018773199990391731,0.0018773199990391731,-0.2556160092353821,-162.55799865722656,278.53578477,9.56697478,0.00047987300786189735,0.00047987300786189735,3.6662700176239014,24.715099334716797,-0.06598900258541107,40.0,1.097499966621399,0.013752699829638004,1.2134600183344446e-05,1.060979962348938,1.0192099809646606,48.325801849365234,0.18444499373435974,0.9996659755706787,0.35625898838043213,31.498899459838867,0.0002461120020598173,0.15918000042438507,0.004014050122350454,0.16221199929714203,1.1299799680709839,0.8142129778862,-0.002906670095399022,0.0010616700164973736,0.005105460062623024,-0.0007573639741167426,0.015070400200784206,1.3801700333715416e-05,0.8786410093307495,2.8117799758911133,0.014218799769878387,1.196430002892157e-05,2.8249599933624268,1.3660200238518883e-05,1.9010600453839288e-06,639647815,160,34880,3
119482785359210547,3131488060000087,126652797060000086,113258287683840,86,3,0,18485906,0.0895183329372838,26370,55367.5282375,313.1629943847656,4394.27001953125,0.008983500301837921,0.008983500301837921,-0.25552898645401,-162.56199645996094,278.53590981,9.56671113,0.0022955399472266436,0.0022955399472266436,6.977530002593994,24.641799926757812,-0.019233999773859978,45.0,1.1085400581359863,0.0013798499712720513,5.826079814141849e-06,1.0280100107192993,0.9750319719314575,29.468299865722656,0.028979100286960602,0.8995770215988159,0.12874199450016022,52.66299819946289,3.0041000069480628e-12,0.13861499726772308,-0.04427409917116165,0.039174698293209076,0.7168769836425781,0.5141419768333435,-0.1082950010895729,-0.25656500458717346,-0.04171210154891014,0.018017899245023727,0.0022437400184571743,5.197789960220689e-06,0.8180559873580933,2.5552899837493896,0.0017173800151795149,1.0809099876496475e-05,1.7921899557113647,3.358870162628591e-05,2.6958700800605584e-06,572522625,32,7374912,3
119482785361200947,3132102060000669,126451805060000668,113258287683888,668,2,0,18362906,0.398636855556291,26370,55365.5182905,313.1650085449219,4393.330078125,-999.0,-999.0,-0.2556230127811432,-162.55799865722656,278.53610823,9.56704391,-999.0,-999.0,-999.0,24.723100662231445,-0.06083599850535393,40.0,1.0703400373458862,-999.0,-999.0,0.0,0.0,0.0,-999.0,-999.0,-999.0,-999.0,-999.0,-999.0,-999.0,-999.0,-999.0,-999.0,-999.0,-999.0,-999.0,-999.0,-999.0,-999.0,-999.0,-999.0,-999.0,-999.0,-999.0,1.338279980700463e-05,1.894340016406204e-06,268468224,0,32768,3
